"Tarih","Şimdi","Açılış","Yüksek","Düşük","Hac.","Fark %"
"15.11.2022","166,000","155,500","168,000","155,500","12,58M","7,58%"
"14.11.2022","154,300","147,100","154,300","145,800","11,43M","4,89%"
"11.11.2022","147,100","149,000","151,500","145,100","10,79M","2,80%"
"10.11.2022","143,100","141,600","146,000","140,000","13,24M","1,27%"
"09.11.2022","141,300","139,100","145,000","139,100","11,77M","1,58%"
"08.11.2022","139,100","141,400","142,900","137,000","16,06M","-1,63%"
"07.11.2022","141,400","143,000","150,100","135,900","23,41M","-1,46%"
"04.11.2022","143,500","136,200","146,800","136,200","22,04M","5,59%"
"03.11.2022","135,900","126,200","139,000","120,800","33,81M","7,52%"
"02.11.2022","126,400","130,000","130,000","123,500","24,79M","-3,88%"
"01.11.2022","131,500","122,500","131,900","122,000","33,80M","9,40%"
"31.10.2022","120,200","109,400","120,200","109,400","23,85M","9,97%"
"28.10.2022","109,300","103,900","109,900","102,500","13,04M","5,20%"
"27.10.2022","103,900","104,300","105,700","101,900","9,88M","-0,29%"
"26.10.2022","104,200","105,200","109,000","102,500","14,54M","-0,76%"
"25.10.2022","105,000","100,000","108,000","100,000","29,94M","5,00%"
"24.10.2022","100,000","93,250","101,400","91,950","28,24M","7,35%"
"21.10.2022","93,150","85,250","93,750","84,550","35,12M","9,27%"
"20.10.2022","85,250","84,850","86,500","83,400","15,39M","0,47%"
"19.10.2022","84,850","85,850","86,700","84,500","11,61M","-1,16%"
"18.10.2022","85,850","84,150","87,600","83,100","21,46M","2,08%"
"17.10.2022","84,100","84,500","85,950","82,000","25,14M","-1,87%"
"14.10.2022","85,700","88,050","88,950","85,700","27,42M","-1,95%"
"13.10.2022","87,400","81,900","88,300","80,800","43,77M","6,72%"
"12.10.2022","81,900","85,150","85,700","81,800","33,93M","-3,76%"
"11.10.2022","85,100","85,750","88,500","84,600","31,59M","-0,76%"
"10.10.2022","85,750","87,150","87,750","84,200","27,94M","-1,49%"
"07.10.2022","87,050","85,250","89,300","83,850","49,05M","2,17%"
"06.10.2022","85,200","85,000","90,550","81,350","93,76M","2,96%"
"05.10.2022","82,750","81,000","85,350","80,600","75,36M","5,55%"
"04.10.2022","78,400","72,600","78,400","72,600","44,15M","9,96%"
"03.10.2022","71,300","68,450","71,750","67,650","50,48M","4,55%"
"30.09.2022","68,200","65,900","69,650","65,100","38,73M","3,57%"
"29.09.2022","65,850","68,000","68,800","62,300","31,11M","-2,59%"
"28.09.2022","67,600","68,750","69,800","66,750","38,97M","-2,03%"
"27.09.2022","69,000","66,400","69,750","65,650","51,12M","3,99%"
"26.09.2022","66,350","61,500","67,100","61,250","52,30M","7,19%"
"23.09.2022","61,900","58,250","62,000","57,950","54,43M","6,63%"
"22.09.2022","58,050","57,450","59,950","57,100","42,34M","1,13%"
"21.09.2022","57,400","58,000","58,850","56,550","31,81M","-2,05%"
"20.09.2022","58,600","53,550","58,600","53,350","38,95M","9,74%"
"19.09.2022","53,400","55,300","56,700","53,350","19,32M","-3,17%"
"16.09.2022","55,150","53,900","55,400","53,550","15,54M","2,32%"
"15.09.2022","53,900","54,600","55,500","53,550","19,67M","-1,01%"
"14.09.2022","54,450","52,000","54,650","50,550","27,33M","4,71%"
"13.09.2022","52,000","56,700","57,100","52,000","35,54M","-7,06%"
"12.09.2022","55,950","56,250","56,500","55,450","45,42M","0,18%"
"09.09.2022","55,850","55,450","56,550","55,300","18,15M","0,99%"
"08.09.2022","55,300","56,000","57,700","55,000","28,25M","-0,81%"
"07.09.2022","55,750","56,600","57,050","55,400","20,13M","-1,33%"
"06.09.2022","56,500","57,500","58,400","55,400","34,08M","-0,44%"
"05.09.2022","56,750","53,400","57,150","53,400","40,24M","6,27%"
"02.09.2022","53,400","52,700","53,650","52,550","20,88M","1,71%"
"01.09.2022","52,500","53,450","53,500","52,400","18,77M","-1,87%"
"31.08.2022","53,500","53,200","54,150","53,200","23,36M","0,85%"
"29.08.2022","53,050","52,600","53,350","52,050","18,57M","0,76%"
"26.08.2022","52,650","52,750","53,450","51,750","24,69M","0,48%"
"25.08.2022","52,400","52,150","53,350","52,150","20,02M","0,67%"
"24.08.2022","52,050","53,500","53,650","51,900","21,17M","-2,16%"
"23.08.2022","53,200","52,950","54,050","52,600","26,76M","0,47%"
"22.08.2022","52,950","53,050","55,000","52,650","56,97M","-0,09%"
"19.08.2022","53,000","52,800","53,800","52,700","25,33M","0,38%"
"18.08.2022","52,800","53,150","54,000","51,950","31,41M","-0,28%"
"17.08.2022","52,950","53,150","53,650","52,600","26,21M","-0,09%"
"16.08.2022","53,000","52,300","53,000","50,300","29,09M","2,12%"
"15.08.2022","51,900","53,000","53,950","51,800","25,13M","-1,33%"
"12.08.2022","52,600","52,700","53,550","51,800","28,74M","-0,19%"
"11.08.2022","52,700","53,150","54,400","52,250","43,93M","-0,19%"
"10.08.2022","52,800","50,200","52,800","49,440","33,57M","5,18%"
"09.08.2022","50,200","52,050","52,650","50,000","36,84M","-3,46%"
"08.08.2022","52,000","50,200","52,850","50,100","38,06M","4,42%"
"05.08.2022","49,800","50,500","50,700","49,020","31,82M","-0,50%"
"04.08.2022","50,050","50,500","51,500","50,000","28,98M","0,42%"
"03.08.2022","49,840","48,640","50,000","48,600","39,31M","3,27%"
"02.08.2022","48,260","46,700","49,980","46,360","62,19M","3,78%"
"01.08.2022","46,500","44,700","46,520","44,360","44,91M","4,54%"
"29.07.2022","44,480","42,000","44,860","41,480","48,92M","6,51%"
"28.07.2022","41,760","41,260","42,060","41,060","22,34M","2,40%"
"27.07.2022","40,780","41,420","41,620","40,780","9,70M","-1,16%"
"26.07.2022","41,260","42,200","42,340","41,180","12,87M","-1,72%"
"25.07.2022","41,980","41,340","42,080","41,240","14,49M","1,65%"
"22.07.2022","41,300","42,200","42,540","40,100","12,12M","-1,67%"
"21.07.2022","42,000","42,860","42,980","41,880","16,57M","-1,78%"
"20.07.2022","42,760","42,000","43,220","41,940","23,25M","2,25%"
"19.07.2022","41,820","40,980","42,120","40,780","22,88M","1,75%"
"18.07.2022","41,100","40,040","41,500","40,040","26,02M","3,63%"
"14.07.2022","39,660","39,940","40,520","39,520","19,49M","-0,95%"
"13.07.2022","40,040","41,200","41,480","39,760","14,60M","-2,67%"
"08.07.2022","41,140","40,960","41,200","40,640","5,44M","0,54%"
"07.07.2022","40,920","40,360","41,620","40,300","19,84M","1,54%"
"06.07.2022","40,300","39,880","40,660","39,700","21,62M","1,66%"
"05.07.2022","39,640","40,540","41,700","39,460","33,63M","-2,12%"
"04.07.2022","40,500","42,060","42,260","40,500","15,68M","-3,11%"
"01.07.2022","41,800","40,840","41,860","40,780","20,17M","2,35%"
"30.06.2022","40,840","41,400","41,900","39,980","28,37M","-1,35%"
"29.06.2022","41,400","42,400","42,680","41,380","22,52M","-2,17%"
"28.06.2022","42,320","43,560","43,860","41,740","21,69M","-2,40%"
"27.06.2022","43,360","43,300","44,300","42,780","18,35M","-2,08%"
"24.06.2022","44,280","45,080","45,220","43,620","24,12M","-1,38%"
"23.06.2022","44,900","45,120","46,000","44,800","28,72M","-0,44%"
"22.06.2022","45,100","45,760","46,400","45,100","27,22M","-1,27%"
"21.06.2022","45,680","45,640","46,300","45,000","34,82M","0,35%"
"20.06.2022","45,520","46,400","46,900","45,160","36,29M","-1,13%"
"17.06.2022","46,040","45,720","46,060","44,680","41,39M","1,32%"
"16.06.2022","45,440","44,920","47,060","44,920","70,40M","1,61%"
"15.06.2022","44,720","44,860","45,560","44,220","43,21M","0,36%"
"14.06.2022","44,560","42,980","45,100","42,500","55,48M","4,55%"
"13.06.2022","42,620","43,900","44,100","42,100","32,25M","-3,05%"
"10.06.2022","43,960","43,900","44,520","43,560","35,74M","-0,32%"
"09.06.2022","44,100","43,480","44,260","43,020","55,60M","2,99%"
"08.06.2022","42,820","43,680","45,320","42,480","67,24M","-1,52%"
"07.06.2022","43,480","44,360","45,840","43,480","62,18M","-1,81%"
"06.06.2022","44,280","44,080","45,540","42,500","100,31M","0,87%"
"03.06.2022","43,900","40,540","44,060","40,300","98,45M","9,20%"
"02.06.2022","40,200","37,820","41,000","37,500","83,84M","6,57%"
"01.06.2022","37,720","36,480","38,500","36,000","55,42M","3,40%"
"31.05.2022","36,480","34,200","37,120","34,180","66,98M","6,73%"
"30.05.2022","34,180","33,640","34,400","33,520","28,03M","3,76%"
"27.05.2022","32,940","32,340","33,700","32,340","27,64M","1,48%"
"26.05.2022","32,460","31,700","32,600","31,460","20,07M","2,46%"
"25.05.2022","31,680","31,160","31,720","30,880","21,10M","1,80%"
"24.05.2022","31,120","30,840","31,420","30,720","20,01M","1,50%"
"23.05.2022","30,660","31,360","31,660","30,540","18,31M","-1,79%"
"20.05.2022","31,220","32,040","32,120","31,220","12,42M","-2,56%"
"18.05.2022","32,040","32,400","32,600","32,040","12,61M","-1,23%"
"17.05.2022","32,440","32,300","32,920","31,880","17,06M","0,75%"
"16.05.2022","32,200","32,600","33,200","32,200","17,34M","-1,71%"
"13.05.2022","32,760","32,400","32,800","31,880","14,81M","2,50%"
"12.05.2022","31,960","32,500","32,500","31,560","20,44M","-2,68%"
"11.05.2022","32,840","33,500","33,640","32,360","24,97M","-1,79%"
"10.05.2022","33,440","33,760","34,100","33,320","21,93M","-0,83%"
"09.05.2022","33,720","34,800","35,140","33,440","40,79M","0,36%"
"06.05.2022","33,600","34,240","34,240","33,160","30,60M","-2,21%"
"05.05.2022","34,360","32,940","34,360","32,600","34,64M","7,38%"
"29.04.2022","32,000","31,800","32,600","31,025","27,03M","1,67%"
"28.04.2022","31,475","31,300","31,850","31,000","20,61M","1,29%"
"27.04.2022","31,075","30,675","31,150","30,125","24,83M","1,22%"
"26.04.2022","30,700","32,275","32,425","30,500","29,42M","-4,06%"
"25.04.2022","32,000","32,625","32,750","31,625","25,56M","-2,07%"
"22.04.2022","32,675","33,450","34,025","31,800","32,63M","-2,75%"
"21.04.2022","33,600","33,525","34,225","33,400","30,07M","0,98%"
"20.04.2022","33,275","33,400","33,550","33,100","14,80M","-0,08%"
"19.04.2022","33,300","33,900","34,000","33,125","21,94M","-0,60%"
"18.04.2022","33,500","32,875","33,850","32,875","35,01M","2,13%"
"15.04.2022","32,800","32,700","33,050","32,600","17,20M","0,15%"
"14.04.2022","32,750","32,725","33,150","32,600","26,13M","0,77%"
"13.04.2022","32,500","32,725","33,275","32,125","31,02M","0,00%"
"12.04.2022","32,500","32,950","33,000","32,250","26,54M","-1,22%"
"11.04.2022","32,900","33,000","33,950","32,400","61,90M","1,23%"
"08.04.2022","32,500","31,250","32,650","31,150","44,11M","4,33%"
"07.04.2022","31,150","30,850","31,750","30,850","32,27M","1,71%"
"06.04.2022","30,625","30,575","31,250","30,375","36,93M","0,08%"
"05.04.2022","30,600","30,825","31,075","30,075","34,68M","-0,33%"
"04.04.2022","30,700","29,950","31,225","29,775","40,27M","3,80%"
"01.04.2022","29,575","29,850","30,100","29,450","19,15M","-0,67%"
"31.03.2022","29,775","30,250","30,675","29,500","26,67M","-0,92%"
"30.03.2022","30,050","29,800","30,750","29,575","32,30M","1,18%"
"29.03.2022","29,700","30,575","30,675","29,525","32,75M","-1,90%"
"28.03.2022","30,275","30,100","32,100","29,950","78,08M","0,92%"
"25.03.2022","30,000","29,425","30,325","29,025","49,07M","2,48%"
"24.03.2022","29,275","28,075","30,450","28,075","66,09M","4,55%"
"23.03.2022","28,000","28,225","28,550","27,750","35,08M","-0,44%"
"22.03.2022","28,125","27,225","28,550","27,050","40,31M","3,59%"
"21.03.2022","27,150","27,500","27,600","27,075","20,98M","-0,28%"
"18.03.2022","27,225","26,575","27,375","26,575","35,39M","2,64%"
"17.03.2022","26,525","26,300","27,000","26,250","23,10M","1,63%"
"16.03.2022","26,100","26,150","26,550","25,975","13,42M","0,29%"
"15.03.2022","26,025","26,350","26,675","26,000","17,24M","-1,23%"
"14.03.2022","26,350","26,750","26,800","26,325","22,08M","-0,75%"
"11.03.2022","26,550","26,875","27,350","26,225","35,03M","-1,12%"
"10.03.2022","26,850","28,250","29,200","26,475","87,09M","-3,76%"
"09.03.2022","27,900","26,500","27,900","26,300","92,80M","9,95%"
"08.03.2022","25,375","24,280","25,775","24,260","48,35M","3,66%"
"07.03.2022","24,480","24,140","24,580","23,830","24,78M","0,95%"
"04.03.2022","24,250","24,260","24,720","24,180","23,24M","-0,29%"
"03.03.2022","24,320","24,650","25,000","24,160","31,55M","2,96%"
"02.03.2022","23,620","23,290","23,740","23,060","23,89M","1,46%"
"01.03.2022","23,280","23,500","23,860","22,970","19,06M","0,22%"
"28.02.2022","23,230","23,090","23,790","22,920","29,76M","0,35%"
"25.02.2022","23,150","21,500","23,150","21,110","45,88M","9,98%"
"24.02.2022","21,050","21,250","22,240","21,050","26,03M","-9,97%"
"23.02.2022","23,380","23,800","23,900","23,380","16,04M","-0,89%"
"22.02.2022","23,590","23,250","23,780","23,230","23,16M","-1,79%"
"21.02.2022","24,020","24,060","24,430","23,670","27,23M","0,67%"
"18.02.2022","23,860","24,020","24,130","23,510","15,80M","0,55%"
"17.02.2022","23,730","24,300","24,590","23,720","30,86M","-1,62%"
"16.02.2022","24,120","24,030","24,600","24,010","28,60M","0,92%"
"15.02.2022","23,900","23,670","24,230","23,530","24,08M","1,70%"
"14.02.2022","23,500","24,000","24,170","23,500","28,61M","-4,08%"
"11.02.2022","24,500","24,150","24,690","23,800","32,84M","0,37%"
"10.02.2022","24,410","24,860","24,940","24,380","25,80M","-1,73%"
"09.02.2022","24,840","24,250","24,890","24,170","45,00M","3,33%"
"08.02.2022","24,040","23,900","24,700","23,800","36,58M","0,46%"
"07.02.2022","23,930","23,750","24,160","23,020","35,02M","0,80%"
"04.02.2022","23,740","23,250","23,890","22,800","39,80M","2,42%"
"03.02.2022","23,180","23,660","23,950","22,940","21,62M","-1,99%"
"02.02.2022","23,650","24,320","24,600","23,580","24,68M","-2,43%"
"01.02.2022","24,240","23,510","24,750","23,510","52,11M","3,41%"
"31.01.2022","23,440","23,840","23,950","23,330","18,41M","-0,97%"
"28.01.2022","23,670","24,250","24,540","23,620","21,87M","-2,27%"
"27.01.2022","24,220","23,350","24,290","23,220","32,37M","1,55%"
"26.01.2022","23,850","24,550","24,620","23,850","34,95M","-2,69%"
"25.01.2022","24,510","23,400","24,890","22,300","58,70M","6,01%"
"24.01.2022","23,120","24,350","24,540","22,910","34,22M","-5,21%"
"21.01.2022","24,390","24,500","24,740","24,160","25,17M","-0,65%"
"20.01.2022","24,550","25,275","25,650","24,020","33,04M","-2,19%"
"19.01.2022","25,100","24,750","25,500","24,440","52,95M","1,37%"
"18.01.2022","24,760","26,650","26,875","24,730","24,15M","-7,44%"
"17.01.2022","26,750","26,975","27,325","26,600","24,85M","-0,28%"
"14.01.2022","26,825","26,500","27,325","26,375","32,88M","1,04%"
"13.01.2022","26,550","27,150","27,600","26,500","24,87M","-2,93%"
"12.01.2022","27,350","28,225","28,225","27,150","24,80M","-1,17%"
"11.01.2022","27,675","28,700","28,800","27,600","36,88M","-2,04%"
"10.01.2022","28,250","27,825","29,050","27,600","59,20M","2,36%"
"07.01.2022","27,600","27,700","27,950","27,000","25,42M","0,73%"
"06.01.2022","27,400","27,500","28,300","27,275","31,38M","-1,44%"
"05.01.2022","27,800","27,775","28,000","27,275","29,61M","0,27%"
"04.01.2022","27,725","26,800","28,250","26,750","71,48M","4,13%"
"03.01.2022","26,625","26,550","26,975","26,100","29,70M","0,76%"
"31.12.2021","26,425","27,100","27,225","26,375","31,19M","-2,94%"
"30.12.2021","27,225","27,000","27,875","26,700","66,09M","2,06%"
"29.12.2021","26,675","26,625","27,000","25,700","59,50M","1,04%"
"28.12.2021","26,400","26,200","26,525","25,075","71,47M","2,82%"
"27.12.2021","25,675","24,370","25,850","24,330","79,95M","7,88%"
"24.12.2021","23,800","21,990","23,800","21,720","70,91M","9,98%"
"23.12.2021","21,640","22,500","22,780","20,370","57,63M","-1,59%"
"22.12.2021","21,990","22,700","23,930","21,800","74,42M","-5,62%"
"21.12.2021","23,300","26,050","27,000","23,200","57,27M","-9,60%"
"20.12.2021","25,775","24,990","27,325","23,600","71,88M","-0,87%"
"17.12.2021","26,000","29,200","30,500","25,625","94,83M","-8,61%"
"16.12.2021","28,450","26,450","28,500","26,350","82,68M","9,74%"
"15.12.2021","25,925","26,800","27,400","25,750","57,08M","-1,89%"
"14.12.2021","26,425","24,570","26,425","24,570","61,28M","8,79%"
"13.12.2021","24,290","23,590","24,670","23,590","45,54M","3,32%"
"10.12.2021","23,510","24,250","24,350","23,250","41,62M","-2,93%"
"09.12.2021","24,220","23,450","25,050","23,420","69,89M","3,33%"
"08.12.2021","23,440","23,680","23,770","23,200","46,57M","-0,76%"
"07.12.2021","23,620","23,000","23,810","22,560","72,31M","3,78%"
"06.12.2021","22,760","23,150","23,180","22,190","39,18M","-1,60%"
"03.12.2021","23,130","23,410","23,520","23,050","29,93M","-0,52%"
"02.12.2021","23,250","22,850","23,390","22,640","43,19M","2,02%"
"01.12.2021","22,790","22,000","23,470","22,000","103,92M","5,02%"
"30.11.2021","21,700","21,480","22,100","21,160","71,48M","1,02%"
"29.11.2021","21,480","19,910","21,680","19,910","108,49M","8,98%"
"26.11.2021","19,710","19,400","20,450","19,030","88,67M","0,72%"
"25.11.2021","19,570","19,610","20,910","19,250","132,68M","1,82%"
"24.11.2021","19,220","17,600","19,220","17,600","83,14M","9,95%"
"23.11.2021","17,480","17,260","17,830","16,500","94,62M","1,33%"
"22.11.2021","17,250","16,840","17,250","16,820","46,62M","3,11%"
"19.11.2021","16,730","17,000","17,140","16,670","31,40M","-0,95%"
"18.11.2021","16,890","16,700","17,060","16,430","57,60M","1,20%"
"17.11.2021","16,690","16,600","17,000","16,560","41,94M","0,18%"
"16.11.2021","16,660","16,880","16,920","16,280","39,62M","-1,30%"
"15.11.2021","16,880","16,390","17,080","16,330","69,91M","4,58%"
"12.11.2021","16,140","16,200","16,430","16,050","35,17M","0,31%"
"11.11.2021","16,090","15,850","16,560","15,800","72,01M","1,07%"
"10.11.2021","15,920","16,120","16,420","15,890","54,72M","-1,06%"
"09.11.2021","16,090","15,280","16,540","15,160","93,21M","5,51%"
"08.11.2021","15,250","14,770","15,270","14,770","27,96M","3,25%"
"05.11.2021","14,770","14,960","14,970","14,760","13,43M","-1,14%"
"04.11.2021","14,940","14,950","15,140","14,930","19,65M","0,81%"
"03.11.2021","14,820","15,050","15,100","14,350","39,34M","-1,53%"
"02.11.2021","15,050","15,010","15,420","15,010","41,76M","0,27%"
"01.11.2021","15,010","15,660","15,690","14,900","45,29M","-3,29%"
"28.10.2021","15,520","15,400","15,690","15,340","18,46M","0,39%"
"27.10.2021","15,460","15,360","15,600","15,100","51,94M","0,98%"
"26.10.2021","15,310","14,770","15,350","14,770","56,11M","4,22%"
"25.10.2021","14,690","14,000","14,890","13,970","76,88M","3,96%"
"22.10.2021","14,130","13,840","14,190","13,820","45,15M","2,39%"
"21.10.2021","13,800","13,600","14,080","13,430","84,93M","1,47%"
"20.10.2021","13,600","13,520","13,680","13,360","23,64M","0,89%"
"19.10.2021","13,480","13,440","13,660","13,440","19,67M","0,52%"
"18.10.2021","13,410","13,280","13,470","13,270","11,92M","0,83%"
"15.10.2021","13,300","13,450","13,580","13,230","16,33M","-0,75%"
"14.10.2021","13,400","13,500","13,660","13,390","15,77M","-1,03%"
"13.10.2021","13,540","13,840","13,970","13,430","27,29M","-1,81%"
"12.10.2021","13,790","13,820","14,260","13,760","59,28M","-0,79%"
"11.10.2021","13,900","13,800","14,170","13,710","30,46M","1,09%"
"08.10.2021","13,750","13,360","13,980","13,350","68,55M","2,92%"
"07.10.2021","13,360","13,350","13,540","13,310","17,12M","0,83%"
"06.10.2021","13,250","13,170","13,350","13,010","18,84M","0,08%"
"05.10.2021","13,240","13,390","13,410","13,180","12,30M","-1,05%"
"04.10.2021","13,380","13,470","13,710","13,350","19,02M","0,00%"
"01.10.2021","13,380","13,250","13,460","13,200","17,21M","0,30%"
"30.09.2021","13,340","13,300","13,450","13,260","14,96M","0,45%"
"29.09.2021","13,280","13,360","13,550","13,260","17,06M","0,15%"
"28.09.2021","13,260","13,570","13,580","13,250","12,55M","-2,00%"
"27.09.2021","13,530","13,260","13,710","13,260","24,67M","2,66%"
"24.09.2021","13,180","13,250","13,300","13,000","12,71M","-0,83%"
"23.09.2021","13,290","13,160","13,890","13,100","49,35M","1,14%"
"22.09.2021","13,140","13,060","13,180","12,910","11,96M","1,00%"
"21.09.2021","13,010","13,240","13,360","12,940","17,40M","-1,06%"
"20.09.2021","13,150","13,300","13,300","13,060","11,62M","-1,79%"
"17.09.2021","13,390","13,620","13,650","13,370","14,01M","-1,47%"
"16.09.2021","13,590","13,400","13,780","13,250","33,07M","2,03%"
"15.09.2021","13,320","13,570","13,680","13,290","15,78M","-1,99%"
"14.09.2021","13,590","13,640","13,730","13,470","12,87M","-0,22%"
"13.09.2021","13,620","13,640","13,840","13,540","14,85M","0,00%"
"10.09.2021","13,620","13,790","13,820","13,570","10,30M","-1,23%"
"09.09.2021","13,790","13,520","13,790","13,520","14,01M","1,55%"
"08.09.2021","13,580","13,770","13,900","13,560","21,73M","-1,31%"
"07.09.2021","13,760","14,090","14,220","13,760","21,86M","-2,34%"
"06.09.2021","14,090","14,240","14,350","14,080","20,71M","-0,77%"
"03.09.2021","14,200","14,130","14,410","13,960","41,21M","0,71%"
"02.09.2021","14,100","14,050","14,230","14,020","21,57M","0,57%"
"01.09.2021","14,020","13,790","14,350","13,780","44,99M","2,04%"
"31.08.2021","13,740","13,670","13,930","13,620","27,28M","1,18%"
"27.08.2021","13,580","13,460","13,630","13,420","16,58M","1,04%"
"26.08.2021","13,440","13,650","13,840","13,360","14,33M","-1,47%"
"25.08.2021","13,640","13,970","13,970","13,630","12,22M","-2,36%"
"24.08.2021","13,970","14,130","14,200","13,950","16,98M","-0,14%"
"23.08.2021","13,990","14,020","14,380","13,960","48,64M","0,29%"
"20.08.2021","13,950","13,950","14,020","13,810","12,80M","0,07%"
"19.08.2021","13,940","13,820","14,120","13,790","14,78M","0,22%"
"18.08.2021","13,910","14,140","14,310","13,880","14,39M","-1,35%"
"17.08.2021","14,100","14,180","14,190","14,050","8,90M","-0,49%"
"16.08.2021","14,170","14,250","14,470","14,130","12,59M","-0,28%"
"13.08.2021","14,210","14,360","14,390","14,200","11,44M","-0,98%"
"12.08.2021","14,350","13,970","14,630","13,970","30,77M","3,31%"
"11.08.2021","13,890","14,390","14,400","13,860","18,06M","-3,54%"
"10.08.2021","14,400","14,550","14,570","14,350","13,16M","-1,03%"
"09.08.2021","14,550","14,910","15,000","14,510","19,29M","-2,35%"
"06.08.2021","14,900","15,060","15,420","14,900","46,52M","0,47%"
"05.08.2021","14,830","14,550","14,900","14,500","29,32M","1,92%"
"04.08.2021","14,550","14,500","14,900","14,500","25,49M","0,69%"
"03.08.2021","14,450","14,450","14,690","14,430","18,74M","0,00%"
"02.08.2021","14,450","14,490","14,650","14,370","12,29M","0,21%"
"30.07.2021","14,420","14,670","14,710","14,410","18,20M","-1,70%"
"29.07.2021","14,670","14,670","14,960","14,610","30,43M","0,82%"
"28.07.2021","14,550","14,830","14,890","14,550","17,73M","-1,49%"
"27.07.2021","14,770","14,840","15,150","14,670","31,21M","-0,47%"
"26.07.2021","14,840","15,100","15,570","14,770","35,43M","-0,74%"
"19.07.2021","14,950","15,080","15,250","14,880","27,98M","-1,39%"
"16.07.2021","15,160","15,700","16,310","15,050","96,61M","-2,70%"
"14.07.2021","15,580","14,170","15,580","14,070","134,13M","9,95%"
"13.07.2021","14,170","13,290","14,420","12,920","97,05M","7,11%"
"12.07.2021","13,230","13,870","13,950","13,210","21,74M","-4,41%"
"09.07.2021","13,840","14,080","14,210","13,800","18,29M","-1,77%"
"08.07.2021","14,090","14,420","14,460","14,080","17,90M","-2,49%"
"07.07.2021","14,450","14,540","14,640","14,310","21,54M","0,00%"
"06.07.2021","14,450","14,850","14,950","14,450","22,63M","-2,17%"
"05.07.2021","14,770","14,310","14,900","14,310","47,00M","3,21%"
"02.07.2021","14,310","13,900","15,020","13,590","52,50M","3,40%"
"01.07.2021","13,840","13,650","14,030","13,520","34,47M","1,84%"
"30.06.2021","13,590","14,180","14,590","13,500","35,99M","-3,89%"
"29.06.2021","14,140","14,510","14,610","14,060","19,98M","-2,42%"
"28.06.2021","14,490","14,660","15,400","14,380","39,96M","-1,16%"
"25.06.2021","14,660","15,310","15,330","14,660","20,94M","-4,25%"
"24.06.2021","15,310","15,650","15,690","15,270","20,74M","-1,98%"
"23.06.2021","15,620","16,140","16,250","15,550","17,82M","-2,74%"
"22.06.2021","16,060","16,160","16,320","16,060","11,60M","0,25%"
"21.06.2021","16,020","16,110","16,160","15,920","9,24M","-0,56%"
"18.06.2021","16,110","16,050","16,400","16,010","12,38M","0,88%"
"17.06.2021","15,970","15,980","16,280","15,770","11,39M","-0,19%"
"16.06.2021","16,000","16,320","16,460","15,970","9,46M","-1,84%"
"15.06.2021","16,300","16,480","16,690","16,200","11,94M","-1,57%"
"14.06.2021","16,560","17,100","17,180","16,530","14,40M","-2,65%"
"11.06.2021","17,010","17,100","17,470","17,010","19,84M","-0,29%"
"10.06.2021","17,060","16,980","17,210","16,900","15,71M","0,47%"
"09.06.2021","16,980","17,160","17,320","16,950","11,96M","-0,70%"
"08.06.2021","17,100","16,970","17,550","16,930","30,78M","1,24%"
"07.06.2021","16,890","16,660","17,020","16,460","21,54M","1,38%"
"04.06.2021","16,660","16,870","17,140","16,610","21,52M","-1,24%"
"03.06.2021","16,870","17,390","17,550","16,710","33,46M","-2,99%"
"02.06.2021","17,390","16,760","18,180","16,380","106,32M","2,60%"
"01.06.2021","16,950","15,480","16,950","15,440","30,77M","9,99%"
"31.05.2021","15,410","15,820","15,840","15,370","14,14M","-3,20%"
"28.05.2021","15,920","16,060","16,190","15,650","22,10M","1,34%"
"27.05.2021","15,710","16,450","16,530","15,710","20,30M","-4,50%"
"26.05.2021","16,450","16,250","16,450","15,750","14,73M","2,17%"
"25.05.2021","16,100","16,720","17,130","16,100","30,79M","-3,13%"
"24.05.2021","16,620","17,000","17,040","16,590","9,82M","-2,06%"
"21.05.2021","16,970","16,920","17,510","16,800","20,38M","1,74%"
"20.05.2021","16,680","17,010","17,040","16,650","9,70M","-2,00%"
"18.05.2021","17,020","17,390","17,460","17,020","8,74M","-1,79%"
"17.05.2021","17,330","17,050","17,650","17,050","15,02M","2,48%"
"12.05.2021","16,910","16,980","17,150","16,820","5,88M","-1,46%"
"11.05.2021","17,160","17,340","17,340","17,070","9,02M","-1,49%"
"10.05.2021","17,420","17,330","17,750","17,280","14,50M","0,81%"
"07.05.2021","17,280","17,550","17,600","17,180","16,88M","-0,97%"
"06.05.2021","17,450","17,600","17,940","17,290","22,76M","-0,63%"
"05.05.2021","17,560","17,920","18,080","17,520","15,67M","-1,84%"
"04.05.2021","17,890","18,280","18,410","17,810","17,20M","-2,03%"
"03.05.2021","18,260","17,980","18,440","17,970","22,33M","2,01%"
"30.04.2021","17,900","18,170","18,270","17,900","16,67M","-1,76%"
"29.04.2021","18,220","18,300","18,630","18,040","24,85M","0,11%"
"28.04.2021","18,200","18,340","18,350","17,860","28,73M","-0,76%"
"27.04.2021","18,340","17,490","19,040","17,430","81,73M","5,31%"
"26.04.2021","17,415","16,637","17,704","16,563","47,09M","5,57%"
"22.04.2021","16,496","16,415","17,000","15,985","33,03M","-0,18%"
"21.04.2021","16,526","16,215","16,585","15,429","27,04M","2,30%"
"20.04.2021","16,155","16,355","16,511","15,859","18,71M","-0,77%"
"19.04.2021","16,281","16,689","16,911","16,281","28,36M","-2,23%"
"16.04.2021","16,652","16,793","17,074","16,585","20,38M","-0,84%"
"15.04.2021","16,793","17,786","18,038","16,541","73,63M","-2,62%"
"14.04.2021","17,245","16,066","17,245","16,052","40,42M","9,97%"
"13.04.2021","15,681","15,829","16,044","15,325","27,54M","-0,66%"
"12.04.2021","15,785","16,392","16,430","15,748","17,65M","-3,62%"
"09.04.2021","16,378","16,770","16,904","16,007","26,93M","-2,34%"
"08.04.2021","16,770","16,837","17,074","16,726","15,98M","0,00%"
"07.04.2021","16,770","17,082","17,222","16,719","20,21M","-1,78%"
"06.04.2021","17,074","17,437","17,549","17,052","21,91M","-1,96%"
"05.04.2021","17,415","17,415","17,897","17,371","34,29M","0,21%"
"02.04.2021","17,378","17,786","17,860","17,341","44,61M","-0,84%"
"01.04.2021","17,526","16,822","17,563","16,763","61,85M","4,83%"
"31.03.2021","16,719","16,489","17,904","16,430","122,11M","1,49%"
"30.03.2021","16,474","16,548","16,748","16,192","40,21M","0,23%"
"29.03.2021","16,437","16,474","17,008","16,341","34,14M","0,04%"
"26.03.2021","16,430","16,904","17,267","16,267","49,98M","-2,24%"
"25.03.2021","16,807","17,526","18,156","16,778","106,12M","-4,10%"
"24.03.2021","17,526","17,037","17,786","16,370","116,60M","8,39%"
"23.03.2021","16,170","14,718","16,170","14,080","47,92M","9,98%"
"22.03.2021","14,703","15,377","16,007","14,451","51,41M","-8,40%"
"19.03.2021","16,052","16,141","16,304","15,555","25,59M","-0,55%"
"18.03.2021","16,141","16,652","16,822","16,081","32,97M","-3,24%"
"17.03.2021","16,682","16,237","17,045","15,970","63,00M","2,79%"
"16.03.2021","16,229","16,859","17,037","16,096","32,18M","-3,06%"
"15.03.2021","16,741","16,711","17,267","16,541","55,77M","0,22%"
"12.03.2021","16,704","16,674","17,193","16,304","71,98M","0,40%"
"11.03.2021","16,637","17,838","18,430","15,726","245,94M","-3,36%"
"10.03.2021","17,215","16,259","17,215","16,103","93,06M","9,99%"
"09.03.2021","15,651","14,229","15,651","14,132","60,29M","9,99%"
"08.03.2021","14,229","14,718","14,762","14,140","14,28M","-2,19%"
"05.03.2021","14,547","14,569","14,821","14,414","12,65M","-1,36%"
"04.03.2021","14,747","14,518","15,162","14,147","30,05M","1,58%"
"03.03.2021","14,518","14,355","15,007","14,088","26,65M","1,24%"
"02.03.2021","14,340","14,933","14,933","14,206","28,03M","-3,97%"
"01.03.2021","14,933","15,474","15,637","14,710","38,15M","-0,15%"
"26.02.2021","14,955","14,814","15,985","14,488","65,04M","-3,21%"
"25.02.2021","15,451","15,259","16,252","14,510","113,88M","4,41%"
"24.02.2021","14,799","12,620","14,799","12,620","135,65M","9,96%"
"23.02.2021","13,458","14,154","14,340","13,458","130,99M","-9,96%"
"22.02.2021","14,947","15,763","15,933","14,947","144,72M","-10,00%"
"19.02.2021","16,607","19,268","20,139","16,607","169,69M","-10,00%"
"18.02.2021","18,453","17,193","18,453","17,156","170,79M","9,98%"
"17.02.2021","16,778","16,007","16,778","15,377","169,67M","9,95%"
"16.02.2021","15,259","14,644","15,429","13,917","195,14M","8,78%"
"15.02.2021","14,028","12,961","14,028","12,420","127,43M","9,99%"
"12.02.2021","12,754","11,613","12,754","11,598","134,12M","9,97%"
"11.02.2021","11,598","11,109","11,894","11,109","80,15M","4,48%"
"10.02.2021","11,101","10,731","11,227","10,605","50,64M","3,81%"
"09.02.2021","10,694","10,753","11,101","10,375","44,36M","2,20%"
"08.02.2021","10,464","10,412","10,560","10,345","23,49M","1,58%"
"05.02.2021","10,301","10,056","10,686","10,056","45,93M","3,35%"
"04.02.2021","9,967","10,116","10,182","9,945","24,74M","-1,39%"
"03.02.2021","10,108","9,634","10,279","9,634","72,20M","5,32%"
"02.02.2021","9,597","9,619","9,730","9,478","17,37M","0,78%"
"01.02.2021","9,523","9,582","9,708","9,486","16,54M","0,39%"
"29.01.2021","9,486","9,597","9,745","9,412","31,97M","-2,29%"
"28.01.2021","9,708","8,893","9,708","8,559","44,70M","7,46%"
"27.01.2021","9,034","9,782","9,923","9,034","32,04M","-7,72%"
"26.01.2021","9,790","9,278","9,901","9,189","39,23M","5,27%"
"25.01.2021","9,300","9,352","9,471","9,197","19,96M","0,31%"
"22.01.2021","9,271","9,493","9,501","9,219","20,62M","-2,27%"
"21.01.2021","9,486","9,641","9,834","9,463","24,47M","-1,16%"
"20.01.2021","9,597","9,352","9,775","9,256","45,10M","3,03%"
"19.01.2021","9,315","9,078","9,508","8,930","50,40M","3,37%"
"18.01.2021","9,011","8,826","9,071","8,826","28,11M","2,18%"
"15.01.2021","8,819","8,596","8,819","8,545","19,69M","2,42%"
"14.01.2021","8,611","8,700","8,997","8,470","47,64M","-0,94%"
"13.01.2021","8,693","8,922","8,952","8,648","25,64M","-1,92%"
"12.01.2021","8,863","8,893","9,212","8,789","54,50M","1,19%"
"11.01.2021","8,759","8,470","9,108","8,389","68,29M","3,23%"
"08.01.2021","8,485","8,671","8,745","8,241","64,87M","-1,13%"
"07.01.2021","8,582","7,833","8,582","7,818","49,17M","9,98%"
"06.01.2021","7,803","7,596","7,863","7,589","26,36M","3,13%"
"05.01.2021","7,566","7,633","7,729","7,433","18,88M","-1,16%"
"04.01.2021","7,655","7,529","7,729","7,514","18,09M","2,18%"
"31.12.2020","7,492","7,440","7,559","7,418","15,72M","1,00%"
"30.12.2020","7,418","7,455","7,640","7,366","34,94M","-0,40%"
"29.12.2020","7,448","7,229","7,929","7,192","116,89M","3,19%"
"28.12.2020","7,218","7,262","7,337","7,211","12,42M","-0,10%"
"25.12.2020","7,225","7,262","7,355","7,218","16,75M","0,00%"
"24.12.2020","7,225","7,233","7,325","7,181","15,36M","0,15%"
"23.12.2020","7,214","7,151","7,285","7,140","22,05M","1,41%"
"22.12.2020","7,114","7,018","7,211","7,018","20,78M","1,85%"
"21.12.2020","6,985","7,022","7,151","6,944","29,92M","-2,32%"
"18.12.2020","7,151","7,014","7,251","7,014","35,23M","1,46%"
"17.12.2020","7,048","7,081","7,292","7,011","31,35M","-0,31%"
"16.12.2020","7,070","7,192","7,337","7,062","21,84M","-1,64%"
"15.12.2020","7,188","7,307","7,325","7,125","25,87M","-1,53%"
"14.12.2020","7,300","7,411","7,500","7,281","23,79M","-1,30%"
"11.12.2020","7,396","7,392","7,655","7,337","34,69M","0,00%"
"10.12.2020","7,396","7,470","7,729","7,344","48,25M","-1,39%"
"09.12.2020","7,500","7,596","7,907","7,418","75,76M","0,11%"
"08.12.2020","7,492","7,737","8,218","7,240","254,19M","-1,76%"
"07.12.2020","7,626","7,148","7,626","7,051","155,52M","10,00%"
"04.12.2020","6,933","6,288","6,933","6,244","89,62M","10,00%"
"03.12.2020","6,303","6,310","6,377","6,299","10,32M","-0,99%"
"02.12.2020","6,366","6,373","6,436","6,299","13,31M","-1,09%"
"01.12.2020","6,436","6,151","6,455","6,114","29,46M","6,50%"
"30.11.2020","6,043","6,206","6,214","6,043","14,04M","-4,35%"
"27.11.2020","6,318","6,455","6,458","6,284","15,78M","-1,89%"
"26.11.2020","6,440","6,544","6,581","6,410","20,13M","-1,36%"
"25.11.2020","6,529","6,633","6,840","6,521","74,72M","2,32%"
"24.11.2020","6,381","6,421","6,444","6,340","17,40M","-0,41%"
"23.11.2020","6,407","6,392","6,536","6,318","48,87M","0,58%"
"20.11.2020","6,370","6,358","6,444","6,340","20,47M","0,24%"
"19.11.2020","6,355","6,307","6,418","6,247","29,11M","0,13%"
"18.11.2020","6,347","6,251","6,377","6,251","24,99M","0,94%"
"17.11.2020","6,288","6,344","6,403","6,225","17,72M","-1,40%"
"16.11.2020","6,377","6,373","6,484","6,340","22,31M","0,52%"
"13.11.2020","6,344","6,451","6,503","6,255","40,09M","1,91%"
"12.11.2020","6,225","6,425","6,610","6,206","46,56M","-3,17%"
"11.11.2020","6,429","6,188","6,514","6,173","79,42M","4,52%"
"10.11.2020","6,151","6,129","6,251","6,080","16,21M","0,36%"
"09.11.2020","6,129","6,092","6,218","6,077","24,27M","1,61%"
"06.11.2020","6,032","6,066","6,129","6,006","16,44M","-0,92%"
"05.11.2020","6,088","5,806","6,129","5,803","29,05M","5,06%"
"04.11.2020","5,795","5,706","5,836","5,706","13,96M","1,56%"
"03.11.2020","5,706","5,651","5,799","5,588","17,98M","1,51%"
"02.11.2020","5,621","5,647","5,817","5,499","24,26M","-0,85%"
"30.10.2020","5,669","5,817","5,869","5,669","23,62M","-4,67%"
"28.10.2020","5,947","6,040","6,129","5,929","9,91M","-2,84%"
"27.10.2020","6,121","5,929","6,173","5,910","36,64M","2,22%"
"26.10.2020","5,988","6,336","6,351","5,984","60,39M","-4,31%"
"23.10.2020","6,258","6,073","6,362","5,947","38,56M","3,30%"
"22.10.2020","6,058","6,206","6,247","6,058","14,00M","-2,34%"
"21.10.2020","6,203","6,262","6,321","6,203","13,73M","-0,53%"
"20.10.2020","6,236","6,273","6,295","6,232","10,64M","-0,53%"
"19.10.2020","6,269","6,288","6,340","6,262","13,81M","-0,06%"
"16.10.2020","6,273","6,269","6,344","6,255","16,27M","0,24%"
"15.10.2020","6,258","6,321","6,388","6,232","21,13M","-1,12%"
"14.10.2020","6,329","6,447","6,499","6,314","30,93M","-1,49%"
"13.10.2020","6,425","6,314","6,533","6,314","78,53M","2,11%"
"12.10.2020","6,292","6,247","6,344","6,236","28,33M","1,19%"
"09.10.2020","6,218","6,206","6,273","6,195","16,40M","0,06%"
"08.10.2020","6,214","6,273","6,303","6,192","14,61M","-0,53%"
"07.10.2020","6,247","6,251","6,340","6,225","16,28M","-0,13%"
"06.10.2020","6,255","6,329","6,344","6,255","20,12M","-0,59%"
"05.10.2020","6,292","6,210","6,314","6,210","26,35M","1,39%"
"02.10.2020","6,206","6,192","6,269","6,173","14,44M","-0,24%"
"01.10.2020","6,221","6,225","6,262","6,177","16,11M","0,60%"
"30.09.2020","6,184","6,192","6,284","6,162","23,23M","0,00%"
"29.09.2020","6,184","6,195","6,288","6,147","20,08M","-0,18%"
"28.09.2020","6,195","6,303","6,321","6,184","20,66M","-1,37%"
"25.09.2020","6,281","6,347","6,399","6,281","20,34M","-0,59%"
"24.09.2020","6,318","6,188","6,547","6,099","71,92M","1,61%"
"23.09.2020","6,218","6,262","6,307","6,181","14,90M","0,00%"
"22.09.2020","6,218","6,299","6,332","6,181","22,15M","-0,77%"
"21.09.2020","6,266","6,292","6,381","6,218","51,15M","0,06%"
"18.09.2020","6,262","6,218","6,347","6,199","50,90M","1,44%"
"17.09.2020","6,173","6,277","6,295","6,151","36,61M","-2,00%"
"16.09.2020","6,299","6,151","6,484","6,118","123,11M","4,48%"
"15.09.2020","6,029","5,873","6,047","5,866","72,42M","2,99%"
"14.09.2020","5,854","5,825","5,932","5,825","23,22M","0,64%"
"11.09.2020","5,817","5,851","5,903","5,803","23,82M","-0,26%"
"10.09.2020","5,832","5,717","5,955","5,717","68,31M","2,21%"
"09.09.2020","5,706","5,766","5,788","5,688","19,66M","-1,04%"
"08.09.2020","5,766","5,780","5,854","5,732","36,99M","0,26%"
"07.09.2020","5,751","5,617","5,780","5,617","41,23M","2,66%"
"04.09.2020","5,602","5,554","5,740","5,521","38,64M","0,45%"
"03.09.2020","5,577","5,710","5,728","5,577","24,35M","-1,95%"
"02.09.2020","5,688","5,740","5,788","5,680","25,75M","-0,84%"
"01.09.2020","5,736","5,610","5,758","5,554","50,96M","2,65%"
"31.08.2020","5,588","5,821","5,880","5,588","49,91M","-3,57%"
"28.08.2020","5,795","5,932","5,943","5,773","61,94M","-2,13%"
"27.08.2020","5,921","5,673","5,940","5,673","89,61M","5,62%"
"26.08.2020","5,606","5,929","5,992","5,606","153,88M","-6,03%"
"25.08.2020","5,966","5,558","6,055","5,558","232,12M","8,06%"
"24.08.2020","5,521","5,395","5,547","5,380","64,05M","2,70%"
"21.08.2020","5,376","5,265","5,506","5,250","85,11M","2,89%"
"20.08.2020","5,225","5,265","5,328","5,202","42,03M","-0,70%"
"19.08.2020","5,262","5,017","5,325","5,013","136,15M","5,26%"
"18.08.2020","4,999","4,835","5,099","4,821","67,15M","3,39%"
"17.08.2020","4,835","4,873","4,943","4,813","40,07M","-0,53%"
"14.08.2020","4,861","4,835","4,976","4,772","34,10M","0,14%"
"13.08.2020","4,854","5,017","5,076","4,850","46,80M","-2,67%"
"12.08.2020","4,987","4,961","5,091","4,817","42,33M","0,97%"
"11.08.2020","4,939","4,898","5,036","4,765","54,64M","0,90%"
"10.08.2020","4,895","4,602","4,980","4,450","100,09M","5,93%"
"07.08.2020","4,621","4,161","4,621","3,954","101,26M","9,97%"
"06.08.2020","4,202","4,669","4,691","4,202","67,99M","-10,00%"
"05.08.2020","4,669","4,869","4,891","4,647","41,73M","-3,21%"
"04.08.2020","4,824","5,058","5,173","4,565","54,73M","-3,77%"
"30.07.2020","5,013","5,002","5,050","4,973","13,58M","0,52%"
"29.07.2020","4,987","5,039","5,136","4,824","71,63M","-1,03%"
"28.07.2020","5,039","5,302","5,395","5,039","94,12M","-4,91%"
"27.07.2020","5,299","5,099","5,351","5,087","125,72M","4,39%"
"24.07.2020","5,076","5,002","5,132","4,965","61,08M","0,79%"
"23.07.2020","5,036","4,991","5,176","4,961","63,12M","1,43%"
"22.07.2020","4,965","5,113","5,184","4,932","58,54M","-2,13%"
"21.07.2020","5,073","5,373","5,391","4,984","88,47M","-3,11%"
"20.07.2020","5,236","5,162","5,469","5,128","121,74M","1,43%"
"17.07.2020","5,162","4,861","5,288","4,798","294,57M","6,19%"
"16.07.2020","4,861","4,435","4,861","4,424","206,29M","9,98%"
"14.07.2020","4,420","4,387","4,521","4,317","134,07M","0,50%"
"13.07.2020","4,398","4,169","4,454","4,169","151,25M","8,59%"
"10.07.2020","4,050","4,020","4,154","3,880","65,40M","0,82%"
"09.07.2020","4,017","4,235","4,243","4,017","30,27M","-4,56%"
"08.07.2020","4,209","4,306","4,339","4,209","36,69M","-2,07%"
"07.07.2020","4,298","4,220","4,376","4,109","105,38M","1,85%"
"06.07.2020","4,220","4,235","4,261","4,206","31,65M","0,69%"
"03.07.2020","4,191","4,250","4,298","4,183","51,67M","-1,39%"
"02.07.2020","4,250","4,087","4,250","4,083","69,73M","4,17%"
"01.07.2020","4,080","4,017","4,135","4,002","86,41M","1,95%"
"30.06.2020","4,002","4,009","4,043","3,987","30,22M","0,20%"
"29.06.2020","3,994","3,987","4,020","3,950","22,19M","0,08%"
"26.06.2020","3,991","4,028","4,072","3,991","38,06M","-0,65%"
"25.06.2020","4,017","3,917","4,017","3,917","43,21M","2,66%"
"24.06.2020","3,913","3,983","4,057","3,909","41,60M","-1,76%"
"23.06.2020","3,983","4,020","4,043","3,961","25,03M","-0,28%"
"22.06.2020","3,994","4,039","4,083","3,983","39,77M","-0,75%"
"19.06.2020","4,024","4,039","4,146","3,957","99,49M","-0,10%"
"18.06.2020","4,028","3,924","4,161","3,913","112,00M","2,55%"
"17.06.2020","3,928","4,002","4,020","3,928","35,90M","-1,48%"
"16.06.2020","3,987","4,031","4,061","3,987","77,15M","0,28%"
"15.06.2020","3,976","3,805","4,094","3,783","178,86M","4,08%"
"12.06.2020","3,820","3,813","3,861","3,787","42,57M","-0,68%"
"11.06.2020","3,846","3,835","3,939","3,805","129,48M","0,00%"
"10.06.2020","3,846","3,772","3,909","3,761","73,69M","2,67%"
"09.06.2020","3,746","3,720","3,787","3,702","32,75M","1,00%"
"08.06.2020","3,709","3,772","3,824","3,705","34,59M","-1,49%"
"05.06.2020","3,765","3,779","3,824","3,750","33,09M","-0,29%"
"04.06.2020","3,776","3,831","3,876","3,768","42,79M","-1,36%"
"03.06.2020","3,828","3,861","3,876","3,828","35,11M","0,00%"
"02.06.2020","3,828","3,817","3,883","3,794","72,33M","0,79%"
"01.06.2020","3,798","3,828","3,920","3,794","65,79M","0,50%"
"29.05.2020","3,779","3,909","3,939","3,779","78,46M","-2,68%"
"28.05.2020","3,883","3,761","3,894","3,642","134,18M","3,85%"
"27.05.2020","3,739","3,809","3,824","3,739","51,72M","0,70%"
"22.05.2020","3,713","3,691","3,768","3,650","65,83M","0,60%"
"21.05.2020","3,691","3,783","3,850","3,687","56,40M","-2,43%"
"20.05.2020","3,783","3,828","3,946","3,731","141,72M","-0,58%"
"18.05.2020","3,805","3,928","4,124","3,779","304,49M","1,28%"
"15.05.2020","3,757","3,520","3,757","3,472","108,05M","9,98%"
"14.05.2020","3,416","3,357","3,527","3,357","138,41M","1,30%"
"13.05.2020","3,372","3,305","3,420","3,301","73,69M","2,37%"
"12.05.2020","3,294","3,301","3,361","3,287","48,02M","-0,12%"
"11.05.2020","3,298","3,446","3,461","3,298","77,67M","-4,41%"
"08.05.2020","3,450","3,520","3,609","3,450","149,48M","-0,75%"
"07.05.2020","3,476","3,324","3,494","3,294","191,85M","4,57%"
"06.05.2020","3,324","3,301","3,361","3,253","65,67M","0,91%"
"05.05.2020","3,294","3,172","3,361","3,168","129,21M","4,97%"
"04.05.2020","3,138","3,168","3,209","3,127","21,50M","-3,00%"
"30.04.2020","3,235","3,305","3,320","3,161","36,13M","-1,79%"
"29.04.2020","3,294","3,279","3,379","3,257","88,10M","1,14%"
"28.04.2020","3,257","3,357","3,376","3,253","51,96M","-2,66%"
"27.04.2020","3,346","3,339","3,420","3,305","111,93M","1,92%"
"24.04.2020","3,283","3,238","3,383","3,213","148,69M","1,61%"
"22.04.2020","3,231","3,101","3,353","3,079","212,17M","4,94%"
"21.04.2020","3,079","3,101","3,168","3,064","40,25M","-1,88%"
"20.04.2020","3,138","3,153","3,213","3,109","32,25M","-0,38%"
"17.04.2020","3,150","3,168","3,250","3,090","81,76M","2,04%"
"16.04.2020","3,087","3,131","3,213","3,020","75,05M","-1,06%"
"15.04.2020","3,120","3,301","3,309","3,090","61,39M","-5,17%"
"14.04.2020","3,290","3,335","3,413","3,238","105,69M","0,55%"
"13.04.2020","3,272","3,276","3,394","3,227","61,69M","-0,67%"
"10.04.2020","3,294","3,361","3,409","3,279","69,66M","-1,88%"
"09.04.2020","3,357","3,442","3,461","3,313","84,46M","-0,56%"
"08.04.2020","3,376","3,335","3,476","3,187","193,61M","1,90%"
"07.04.2020","3,313","3,520","3,665","3,224","204,22M","-3,44%"
"06.04.2020","3,431","3,242","3,431","3,157","164,55M","9,97%"
"03.04.2020","3,120","2,872","3,120","2,835","220,97M","9,94%"
"02.04.2020","2,838","2,990","3,038","2,683","180,24M","-3,04%"
"01.04.2020","2,927","3,335","3,531","2,927","226,99M","-9,94%"
"31.03.2020","3,250","3,057","3,250","3,057","78,32M","9,91%"
"30.03.2020","2,957","2,835","2,957","2,694","117,52M","9,93%"
"27.03.2020","2,690","2,690","2,690","2,460","82,81M","9,98%"
"26.03.2020","2,446","2,323","2,446","2,297","32,81M","10,03%"
"25.03.2020","2,223","2,223","2,223","2,112","84,12M","9,89%"
"24.03.2020","2,023","1,942","2,023","1,905","28,30M","9,83%"
"23.03.2020","1,842","1,805","1,916","1,805","32,78M","-4,56%"
"20.03.2020","1,930","1,945","1,971","1,901","31,77M","1,74%"
"19.03.2020","1,897","1,912","1,979","1,879","48,29M","-1,91%"
"18.03.2020","1,934","1,923","2,042","1,853","53,79M","-2,42%"
"17.03.2020","1,982","2,160","2,182","1,938","59,55M","-7,94%"
"16.03.2020","2,153","2,190","2,242","2,153","35,01M","-9,92%"
"13.03.2020","2,390","2,201","2,427","2,094","44,99M","8,24%"
"12.03.2020","2,208","2,557","2,705","2,194","48,19M","-14,88%"
"11.03.2020","2,594","2,575","2,623","2,501","25,97M","-1,41%"
"10.03.2020","2,631","2,949","2,964","2,616","27,45M","-7,29%"
"09.03.2020","2,838","3,012","3,012","2,712","26,42M","-8,80%"
"06.03.2020","3,112","3,268","3,290","3,079","15,48M","-4,66%"
"05.03.2020","3,264","3,301","3,353","3,261","14,59M","0,43%"
"04.03.2020","3,250","3,364","3,402","3,246","25,02M","-3,82%"
"03.03.2020","3,379","3,339","3,420","3,301","30,48M","3,40%"
"02.03.2020","3,268","3,376","3,390","3,231","19,43M","1,15%"
"28.02.2020","3,231","2,742","3,290","2,742","27,11M","-3,55%"
"27.02.2020","3,350","3,598","3,653","3,346","45,29M","-8,29%"
"26.02.2020","3,653","3,620","3,813","3,602","61,69M","0,19%"
"25.02.2020","3,646","3,694","3,731","3,594","29,92M","0,50%"
"24.02.2020","3,628","3,520","3,687","3,520","33,91M","-0,30%"
"21.02.2020","3,639","3,561","3,676","3,502","45,48M","0,83%"
"20.02.2020","3,609","3,835","3,854","3,550","65,19M","-4,50%"
"19.02.2020","3,779","3,787","3,828","3,716","36,62M","0,48%"
"18.02.2020","3,761","3,791","3,883","3,705","38,87M","-1,65%"
"17.02.2020","3,824","3,828","3,928","3,787","40,20M","1,08%"
"14.02.2020","3,783","3,891","3,905","3,783","43,48M","-1,74%"
"13.02.2020","3,850","3,539","3,961","3,535","161,31M","8,79%"
"12.02.2020","3,539","3,576","3,594","3,531","37,08M","-1,03%"
"11.02.2020","3,576","3,527","3,631","3,483","92,81M","3,89%"
"10.02.2020","3,442","3,413","3,650","3,279","142,89M","0,76%"
"07.02.2020","3,416","3,442","3,509","3,390","57,16M","-0,23%"
"06.02.2020","3,424","3,465","3,635","3,413","197,93M","-2,31%"
"05.02.2020","3,505","3,053","3,620","3,035","304,41M","15,22%"
"04.02.2020","3,042","3,024","3,068","3,016","21,86M","1,60%"
"03.02.2020","2,994","3,042","3,083","2,983","38,11M","-0,86%"
"31.01.2020","3,020","2,924","3,042","2,894","43,75M","3,96%"
"30.01.2020","2,905","2,931","2,942","2,879","20,97M","-1,02%"
"29.01.2020","2,935","2,953","2,998","2,924","29,96M","0,27%"
"28.01.2020","2,927","2,968","2,979","2,920","18,80M","-0,75%"
"27.01.2020","2,949","2,949","2,987","2,927","25,00M","-1,86%"
"24.01.2020","3,005","3,094","3,109","2,964","50,91M","-2,40%"
"23.01.2020","3,079","2,949","3,090","2,946","63,83M","4,41%"
"22.01.2020","2,949","2,979","3,005","2,949","29,62M","-0,64%"
"21.01.2020","2,968","2,964","2,979","2,949","16,28M","-0,64%"
"20.01.2020","2,987","2,968","3,005","2,949","24,15M","1,53%"
"17.01.2020","2,942","2,975","2,990","2,909","21,19M","-0,74%"
"16.01.2020","2,964","3,027","3,050","2,961","33,32M","-1,59%"
"15.01.2020","3,012","3,042","3,061","2,983","29,31M","-0,99%"
"14.01.2020","3,042","3,035","3,109","3,024","49,81M","0,36%"
"13.01.2020","3,031","2,909","3,064","2,898","56,45M","5,28%"
"10.01.2020","2,879","2,909","2,912","2,868","18,63M","-0,66%"
"09.01.2020","2,898","2,890","2,912","2,864","22,39M","3,32%"
"08.01.2020","2,805","2,779","2,835","2,772","20,26M","-1,68%"
"07.01.2020","2,853","2,816","2,879","2,816","18,64M","2,26%"
"06.01.2020","2,790","2,816","2,842","2,790","24,27M","-2,72%"
"03.01.2020","2,868","2,890","2,909","2,801","33,75M","-2,02%"
"02.01.2020","2,927","2,868","2,946","2,864","31,44M","2,20%"
"31.12.2019","2,864","2,831","2,894","2,809","34,49M","1,45%"
"30.12.2019","2,823","2,846","2,883","2,812","22,83M","0,50%"
"27.12.2019","2,809","2,831","2,838","2,764","17,54M","-0,25%"
"26.12.2019","2,816","2,872","2,883","2,809","16,93M","-1,57%"
"25.12.2019","2,861","2,890","2,905","2,861","14,79M","-0,38%"
"24.12.2019","2,872","2,905","2,916","2,872","23,37M","-0,62%"
"23.12.2019","2,890","2,809","2,890","2,805","39,88M","3,73%"
"20.12.2019","2,786","2,801","2,857","2,786","35,09M","-0,14%"
"19.12.2019","2,790","2,827","2,831","2,786","16,31M","-0,68%"
"18.12.2019","2,809","2,727","2,835","2,712","35,23M","1,78%"
"17.12.2019","2,760","2,812","2,827","2,757","22,96M","-1,36%"
"16.12.2019","2,798","2,749","2,820","2,742","35,41M","2,04%"
"13.12.2019","2,742","2,794","2,812","2,738","32,49M","-1,33%"
"12.12.2019","2,779","2,746","2,812","2,742","40,88M","1,91%"
"11.12.2019","2,727","2,694","2,772","2,646","53,11M","1,38%"
"10.12.2019","2,690","2,738","2,760","2,672","40,84M","-1,36%"
"09.12.2019","2,727","2,649","2,742","2,638","50,68M","3,37%"
"06.12.2019","2,638","2,557","2,672","2,483","69,30M","4,10%"
"05.12.2019","2,534","2,534","2,572","2,486","50,12M","0,28%"
"04.12.2019","2,527","2,390","2,546","2,383","48,11M","6,22%"
"03.12.2019","2,379","2,446","2,460","2,375","32,61M","-2,26%"
"02.12.2019","2,434","2,371","2,438","2,364","44,59M","3,14%"
"29.11.2019","2,360","2,371","2,394","2,353","17,08M","-0,34%"
"28.11.2019","2,368","2,320","2,383","2,316","29,21M","2,25%"
"27.11.2019","2,316","2,342","2,349","2,316","11,68M","-1,11%"
"26.11.2019","2,342","2,305","2,353","2,301","17,44M","1,78%"
"25.11.2019","2,301","2,334","2,349","2,301","17,37M","-0,82%"
"22.11.2019","2,320","2,338","2,349","2,312","12,18M","-0,60%"
"21.11.2019","2,334","2,342","2,364","2,323","13,30M","-0,34%"
"20.11.2019","2,342","2,394","2,412","2,312","26,36M","-2,29%"
"19.11.2019","2,397","2,405","2,408","2,379","18,68M","-0,17%"
"18.11.2019","2,401","2,405","2,420","2,394","22,56M","0,63%"
"15.11.2019","2,386","2,357","2,390","2,353","19,75M","1,88%"
"14.11.2019","2,342","2,357","2,397","2,331","40,98M","0,82%"
"13.11.2019","2,323","2,338","2,353","2,316","26,82M","-0,34%"
"12.11.2019","2,331","2,297","2,338","2,297","30,80M","1,79%"
"11.11.2019","2,290","2,286","2,301","2,282","16,51M","0,17%"
"08.11.2019","2,286","2,290","2,308","2,286","22,45M","0,00%"
"07.11.2019","2,286","2,279","2,301","2,268","32,48M","0,97%"
"06.11.2019","2,264","2,279","2,305","2,257","43,71M","-0,48%"
"05.11.2019","2,275","2,338","2,338","2,257","71,02M","-2,86%"
"04.11.2019","2,342","2,512","2,512","2,342","131,66M","-7,72%"
"01.11.2019","2,538","2,583","2,590","2,523","25,32M","-1,59%"
"31.10.2019","2,579","2,527","2,594","2,523","52,45M","2,67%"
"30.10.2019","2,512","2,509","2,579","2,494","52,73M","-0,59%"
"28.10.2019","2,527","2,446","2,534","2,438","29,93M","3,65%"
"25.10.2019","2,438","2,386","2,449","2,371","37,28M","2,31%"
"24.10.2019","2,383","2,401","2,423","2,360","29,20M","-0,29%"
"23.10.2019","2,390","2,334","2,401","2,327","39,03M","3,02%"
"22.10.2019","2,320","2,323","2,345","2,308","13,50M","0,00%"
"21.10.2019","2,320","2,308","2,331","2,286","13,56M","1,00%"
"18.10.2019","2,297","2,279","2,297","2,260","12,29M","4,03%"
"17.10.2019","2,208","2,194","2,212","2,168","7,42M","0,64%"
"16.10.2019","2,194","2,153","2,205","2,112","13,05M","0,55%"
"15.10.2019","2,182","2,157","2,182","2,149","5,70M","2,39%"
"14.10.2019","2,131","2,220","2,220","2,116","9,21M","-4,48%"
"11.10.2019","2,231","2,227","2,257","2,212","8,96M","0,50%"
"10.10.2019","2,220","2,242","2,257","2,175","9,09M","-0,63%"
"09.10.2019","2,234","2,264","2,282","2,223","9,57M","-1,15%"
"08.10.2019","2,260","2,290","2,305","2,231","18,15M","-1,78%"
"07.10.2019","2,301","2,301","2,368","2,282","28,00M","-0,17%"
"04.10.2019","2,305","2,312","2,323","2,301","10,67M","0,17%"
"03.10.2019","2,301","2,334","2,368","2,294","24,09M","-1,29%"
"02.10.2019","2,331","2,297","2,357","2,275","20,18M","1,61%"
"01.10.2019","2,294","2,379","2,405","2,294","38,46M","-2,96%"
"30.09.2019","2,364","2,364","2,390","2,345","40,85M","0,64%"
"27.09.2019","2,349","2,305","2,357","2,297","38,89M","2,40%"
"26.09.2019","2,294","2,294","2,331","2,290","20,27M","0,35%"
"25.09.2019","2,286","2,294","2,297","2,279","9,20M","-0,48%"
"24.09.2019","2,297","2,316","2,323","2,286","12,21M","0,31%"
"23.09.2019","2,290","2,290","2,331","2,282","30,75M","1,82%"
"20.09.2019","2,249","2,294","2,331","2,245","25,52M","-1,62%"
"19.09.2019","2,286","2,268","2,301","2,268","20,10M","1,15%"
"18.09.2019","2,260","2,257","2,301","2,245","20,45M","0,31%"
"17.09.2019","2,253","2,238","2,260","2,216","11,15M","0,49%"
"16.09.2019","2,242","2,294","2,294","2,238","11,62M","-2,39%"
"13.09.2019","2,297","2,297","2,316","2,279","14,74M","0,00%"
"12.09.2019","2,297","2,345","2,353","2,271","20,22M","-1,92%"
"11.09.2019","2,342","2,338","2,386","2,323","41,24M","0,34%"
"10.09.2019","2,334","2,249","2,334","2,242","50,51M","3,78%"
"09.09.2019","2,249","2,249","2,264","2,238","10,09M","0,49%"
"06.09.2019","2,238","2,249","2,282","2,231","9,69M","-0,84%"
"05.09.2019","2,257","2,286","2,297","2,245","9,14M","-0,97%"
"04.09.2019","2,279","2,290","2,305","2,275","13,58M","0,00%"
"03.09.2019","2,279","2,238","2,290","2,205","36,70M","1,83%"
"02.09.2019","2,238","2,153","2,260","2,145","35,43M","3,95%"
"29.08.2019","2,153","2,168","2,171","2,145","6,36M","-0,51%"
"28.08.2019","2,164","2,186","2,197","2,153","7,86M","-0,51%"
"27.08.2019","2,175","2,190","2,205","2,171","17,70M","-0,50%"
"26.08.2019","2,186","2,157","2,194","2,149","8,42M","-0,18%"
"23.08.2019","2,190","2,108","2,208","2,108","25,04M","4,04%"
"22.08.2019","2,105","2,123","2,131","2,094","6,60M","-0,66%"
"21.08.2019","2,119","2,160","2,171","2,105","7,31M","-2,08%"
"20.08.2019","2,164","2,149","2,175","2,134","8,11M","0,32%"
"19.08.2019","2,157","2,231","2,238","2,131","18,28M","-2,97%"
"16.08.2019","2,223","2,275","2,345","2,223","46,88M","-1,64%"
"15.08.2019","2,260","2,286","2,286","2,253","5,95M","-1,48%"
"09.08.2019","2,294","2,271","2,316","2,242","11,83M","1,50%"
"08.08.2019","2,260","2,264","2,275","2,234","6,47M","0,49%"
"07.08.2019","2,249","2,290","2,297","2,231","8,24M","-1,45%"
"06.08.2019","2,282","2,294","2,308","2,282","7,95M","-0,35%"
"05.08.2019","2,290","2,271","2,320","2,268","14,05M","0,84%"
"02.08.2019","2,271","2,290","2,305","2,268","6,90M","-1,00%"
"01.08.2019","2,294","2,264","2,316","2,260","5,56M","0,53%"
"31.07.2019","2,282","2,297","2,312","2,282","8,59M","-0,52%"
"30.07.2019","2,294","2,323","2,327","2,294","8,70M","-1,12%"
"29.07.2019","2,320","2,338","2,353","2,316","15,21M","0,17%"
"26.07.2019","2,316","2,279","2,327","2,279","16,24M","1,98%"
"25.07.2019","2,271","2,308","2,316","2,264","10,19M","-1,30%"
"24.07.2019","2,301","2,327","2,327","2,290","8,66M","-0,95%"
"23.07.2019","2,323","2,297","2,342","2,290","16,53M","1,13%"
"22.07.2019","2,297","2,327","2,338","2,286","8,43M","-1,12%"
"19.07.2019","2,323","2,357","2,360","2,320","13,22M","-0,81%"
"18.07.2019","2,342","2,334","2,368","2,320","22,32M","0,34%"
"17.07.2019","2,334","2,305","2,338","2,294","19,00M","1,74%"
"16.07.2019","2,294","2,312","2,320","2,264","15,07M","-0,13%"
"12.07.2019","2,297","2,431","2,434","2,290","28,22M","-5,20%"
"11.07.2019","2,423","2,471","2,486","2,412","19,62M","-1,06%"
"10.07.2019","2,449","2,490","2,527","2,379","58,19M","0,12%"
"09.07.2019","2,446","2,560","2,572","2,423","31,87M","-4,19%"
"08.07.2019","2,553","2,490","2,568","2,475","44,41M","1,47%"
"05.07.2019","2,516","2,557","2,560","2,512","13,53M","-1,02%"
"04.07.2019","2,542","2,546","2,568","2,505","23,99M","0,32%"
"03.07.2019","2,534","2,568","2,572","2,501","20,21M","-0,90%"
"02.07.2019","2,557","2,549","2,594","2,497","35,36M","0,75%"
"01.07.2019","2,538","2,505","2,549","2,486","34,06M","2,71%"
"28.06.2019","2,471","2,434","2,527","2,420","38,25M","1,81%"
"27.06.2019","2,427","2,412","2,431","2,401","12,90M","1,08%"
"26.06.2019","2,401","2,446","2,464","2,379","21,58M","-1,68%"
"25.06.2019","2,442","2,460","2,460","2,427","16,61M","-0,16%"
"24.06.2019","2,446","2,483","2,494","2,416","51,55M","0,62%"
"21.06.2019","2,431","2,316","2,479","2,305","137,05M","5,83%"
"20.06.2019","2,297","2,383","2,390","2,294","19,45M","-2,55%"
"19.06.2019","2,357","2,434","2,438","2,349","24,17M","-2,44%"
"18.06.2019","2,416","2,386","2,449","2,379","48,00M","1,73%"
"17.06.2019","2,375","2,397","2,431","2,357","38,07M","-0,92%"
"14.06.2019","2,397","2,261","2,400","2,261","94,02M","6,53%"
"13.06.2019","2,250","2,329","2,329","2,240","31,53M","-3,39%"
"12.06.2019","2,329","2,343","2,379","2,329","33,70M","-0,47%"
"11.06.2019","2,340","2,429","2,436","2,322","48,95M","-2,94%"
"10.06.2019","2,411","2,286","2,425","2,286","108,70M","8,51%"
"07.06.2019","2,222","2,193","2,236","2,193","11,54M","1,65%"
"03.06.2019","2,186","2,225","2,229","2,186","6,90M","-1,62%"
"31.05.2019","2,222","2,211","2,250","2,193","28,41M","0,82%"
"30.05.2019","2,204","2,186","2,222","2,176","58,43M","1,99%"
"29.05.2019","2,161","2,140","2,240","2,136","111,16M","1,17%"
"28.05.2019","2,136","2,179","2,204","2,129","56,48M","-1,34%"
"27.05.2019","2,165","2,129","2,233","2,118","127,72M","1,36%"
"24.05.2019","2,136","1,897","2,154","1,897","189,79M","15,40%"
"23.05.2019","1,851","1,776","1,890","1,773","32,33M","3,81%"
"22.05.2019","1,783","1,855","1,876","1,783","14,50M","-4,60%"
"21.05.2019","1,869","1,954","1,972","1,858","22,90M","-4,35%"
"20.05.2019","1,954","1,855","1,976","1,855","44,43M","5,56%"
"17.05.2019","1,851","1,819","1,883","1,801","10,94M","1,37%"
"16.05.2019","1,826","1,844","1,879","1,826","10,54M","-0,76%"
"15.05.2019","1,840","1,894","1,894","1,815","7,37M","-2,85%"
"14.05.2019","1,894","1,872","1,912","1,851","8,92M","0,21%"
"13.05.2019","1,890","1,944","1,951","1,812","13,29M","-3,28%"
"10.05.2019","1,954","2,022","2,026","1,944","6,12M","-2,01%"
"09.05.2019","1,994","2,072","2,083","1,983","5,75M","-3,76%"
"08.05.2019","2,072","2,093","2,122","2,069","5,42M","-0,86%"
"07.05.2019","2,090","2,058","2,108","2,054","5,33M","-2,02%"
"06.05.2019","2,133","2,140","2,158","2,097","7,97M","-1,16%"
"03.05.2019","2,158","2,154","2,176","2,154","4,26M","0,19%"
"02.05.2019","2,154","2,183","2,204","2,151","13,06M","-0,51%"
"30.04.2019","2,165","2,176","2,204","2,151","10,75M","0,60%"
"29.04.2019","2,152","2,103","2,163","2,087","14,26M","1,85%"
"26.04.2019","2,113","2,137","2,137","2,103","5,65M","0,62%"
"25.04.2019","2,100","2,126","2,132","2,090","5,48M","-0,99%"
"24.04.2019","2,121","2,126","2,139","2,121","3,92M","-0,52%"
"22.04.2019","2,132","2,173","2,178","2,132","12,24M","-2,11%"
"19.04.2019","2,178","2,129","2,197","2,119","10,45M","2,30%"
"18.04.2019","2,129","2,132","2,142","2,119","4,28M","-0,14%"
"17.04.2019","2,132","2,142","2,147","2,126","7,01M","-0,09%"
"16.04.2019","2,134","2,132","2,150","2,124","7,36M","0,71%"
"15.04.2019","2,119","2,087","2,132","2,087","4,89M","0,38%"
"12.04.2019","2,111","2,126","2,126","2,085","8,20M","-0,71%"
"11.04.2019","2,126","2,158","2,165","2,113","9,10M","-0,98%"
"10.04.2019","2,147","2,139","2,194","2,113","34,28M","0,47%"
"09.04.2019","2,137","2,111","2,155","2,103","16,78M","1,76%"
"08.04.2019","2,100","2,152","2,155","2,093","7,21M","-2,55%"
"05.04.2019","2,155","2,171","2,189","2,134","13,36M","-0,74%"
"04.04.2019","2,171","2,121","2,171","2,119","16,25M","2,36%"
"03.04.2019","2,121","2,132","2,165","2,111","13,55M","-0,14%"
"02.04.2019","2,124","2,132","2,173","2,121","14,26M","-0,61%"
"01.04.2019","2,137","2,082","2,142","2,038","11,12M","2,89%"
"29.03.2019","2,077","2,041","2,077","2,009","8,15M","2,57%"
"28.03.2019","2,025","1,994","2,054","1,955","10,92M","1,55%"
"27.03.2019","1,994","2,095","2,106","1,984","13,49M","-4,36%"
"26.03.2019","2,085","2,145","2,152","2,072","10,25M","-2,20%"
"25.03.2019","2,132","2,155","2,165","2,074","13,20M","-0,61%"
"22.03.2019","2,145","2,246","2,251","2,145","12,71M","-4,07%"
"21.03.2019","2,236","2,272","2,282","2,215","15,89M","0,95%"
"20.03.2019","2,215","2,288","2,293","2,199","16,33M","-2,94%"
"19.03.2019","2,282","2,277","2,311","2,272","23,99M","0,57%"
"18.03.2019","2,269","2,272","2,303","2,262","18,70M","0,31%"
"15.03.2019","2,262","2,217","2,280","2,210","32,25M","2,49%"
"14.03.2019","2,207","2,194","2,225","2,189","13,95M","0,96%"
"13.03.2019","2,186","2,189","2,212","2,178","10,43M","-0,36%"
"12.03.2019","2,194","2,204","2,215","2,181","7,06M","0,14%"
"11.03.2019","2,191","2,184","2,228","2,173","11,60M","0,83%"
"08.03.2019","2,173","2,194","2,199","2,137","8,89M","-0,96%"
"07.03.2019","2,194","2,259","2,264","2,189","10,79M","-2,75%"
"06.03.2019","2,256","2,295","2,311","2,256","12,85M","-1,40%"
"05.03.2019","2,288","2,256","2,321","2,249","52,06M","1,06%"
"04.03.2019","2,264","2,262","2,327","2,249","35,64M","1,62%"
"01.03.2019","2,228","2,241","2,256","2,202","16,05M","-0,22%"
"28.02.2019","2,233","2,212","2,238","2,189","12,81M","0,95%"
"27.02.2019","2,212","2,262","2,272","2,212","15,13M","-2,08%"
"26.02.2019","2,259","2,259","2,306","2,254","25,88M","0,13%"
"25.02.2019","2,256","2,223","2,285","2,220","33,24M","2,08%"
"22.02.2019","2,210","2,150","2,210","2,150","22,80M","2,93%"
"21.02.2019","2,147","2,132","2,165","2,121","15,52M","0,85%"
"20.02.2019","2,129","2,132","2,155","2,129","6,88M","0,14%"
"19.02.2019","2,126","2,152","2,155","2,108","9,73M","-0,98%"
"18.02.2019","2,147","2,186","2,223","2,147","24,16M","-0,83%"
"15.02.2019","2,165","2,184","2,184","2,158","7,08M","-0,87%"
"14.02.2019","2,184","2,150","2,194","2,134","12,54M","1,72%"
"13.02.2019","2,147","2,217","2,223","2,139","10,34M","-2,59%"
"12.02.2019","2,204","2,256","2,275","2,204","20,59M","-1,74%"
"11.02.2019","2,243","2,210","2,254","2,199","24,87M","2,37%"
"08.02.2019","2,191","2,191","2,217","2,184","6,21M","0,00%"
"07.02.2019","2,191","2,184","2,236","2,178","20,00M","0,60%"
"06.02.2019","2,178","2,194","2,207","2,176","11,23M","-0,27%"
"05.02.2019","2,184","2,236","2,238","2,178","11,75M","-1,75%"
"04.02.2019","2,223","2,210","2,241","2,171","15,84M","0,72%"
"01.02.2019","2,207","2,254","2,285","2,202","17,25M","-2,09%"
"31.01.2019","2,254","2,345","2,353","2,251","28,16M","-3,01%"
"30.01.2019","2,324","2,298","2,342","2,285","46,63M","1,57%"
"29.01.2019","2,288","2,254","2,295","2,243","25,42M","1,73%"
"28.01.2019","2,249","2,277","2,293","2,249","20,59M","-0,88%"
"25.01.2019","2,269","2,282","2,308","2,233","34,21M","-0,26%"
"24.01.2019","2,275","2,220","2,285","2,215","41,55M","2,71%"
"23.01.2019","2,215","2,262","2,267","2,215","18,94M","-1,60%"
"22.01.2019","2,251","2,199","2,282","2,199","48,09M","2,97%"
"21.01.2019","2,186","2,160","2,210","2,147","29,09M","1,58%"
"18.01.2019","2,152","2,142","2,168","2,134","14,07M","0,70%"
"17.01.2019","2,137","2,165","2,189","2,137","22,77M","-0,97%"
"16.01.2019","2,158","2,139","2,173","2,119","27,95M","1,22%"
"15.01.2019","2,132","2,134","2,158","2,121","17,54M","0,52%"
"14.01.2019","2,121","2,108","2,142","2,090","15,29M","-0,61%"
"11.01.2019","2,134","2,113","2,142","2,090","13,27M","1,23%"
"10.01.2019","2,108","2,108","2,152","2,106","17,64M","0,24%"
"09.01.2019","2,103","2,080","2,132","2,067","25,89M","1,64%"
"08.01.2019","2,069","2,067","2,074","2,035","7,30M","0,24%"
"07.01.2019","2,064","2,067","2,090","2,056","6,75M","0,39%"
"04.01.2019","2,056","2,038","2,061","2,015","8,29M","1,53%"
"03.01.2019","2,025","2,061","2,100","2,025","10,87M","-2,27%"
"02.01.2019","2,072","2,147","2,152","2,072","8,33M","-2,68%"
"31.12.2018","2,129","2,106","2,150","2,087","8,79M","1,24%"
"28.12.2018","2,103","2,121","2,124","2,095","7,36M","-0,61%"
"27.12.2018","2,116","2,171","2,171","2,111","7,86M","-1,35%"
"26.12.2018","2,145","2,137","2,186","2,124","15,35M","1,61%"
"25.12.2018","2,111","2,124","2,124","2,090","6,35M","-1,31%"
"24.12.2018","2,139","2,194","2,197","2,132","7,46M","-1,56%"
"21.12.2018","2,173","2,176","2,212","2,158","11,68M","0,09%"
"20.12.2018","2,171","2,223","2,254","2,171","23,06M","-2,99%"
"19.12.2018","2,238","2,061","2,238","2,056","50,83M","8,59%"
"18.12.2018","2,061","2,077","2,103","2,048","20,65M","-1,25%"
"17.12.2018","2,087","2,132","2,134","2,072","11,10M","-1,74%"
"14.12.2018","2,124","2,178","2,184","2,095","11,19M","-3,32%"
"13.12.2018","2,197","2,178","2,210","2,171","7,94M","1,10%"
"12.12.2018","2,173","2,272","2,277","2,158","17,80M","-4,02%"
"11.12.2018","2,264","2,303","2,314","2,256","11,10M","-1,48%"
"10.12.2018","2,298","2,298","2,358","2,290","26,27M","-0,43%"
"07.12.2018","2,308","2,303","2,314","2,295","9,62M","0,57%"
"06.12.2018","2,295","2,303","2,337","2,288","13,34M","-0,35%"
"05.12.2018","2,303","2,290","2,327","2,282","14,74M","0,35%"
"04.12.2018","2,295","2,353","2,379","2,282","24,20M","-2,46%"
"03.12.2018","2,353","2,516","2,519","2,340","44,37M","-5,62%"
"30.11.2018","2,493","2,457","2,545","2,449","44,15M","1,38%"
"29.11.2018","2,459","2,444","2,467","2,431","22,44M","1,49%"
"28.11.2018","2,423","2,423","2,459","2,415","29,67M","0,46%"
"27.11.2018","2,412","2,340","2,425","2,301","49,77M","3,21%"
"26.11.2018","2,337","2,353","2,381","2,327","25,58M","-0,13%"
"23.11.2018","2,340","2,345","2,371","2,319","19,04M","-0,09%"
"22.11.2018","2,342","2,358","2,389","2,303","26,79M","-0,47%"
"21.11.2018","2,353","2,246","2,358","2,223","42,64M","5,75%"
"20.11.2018","2,225","2,288","2,288","2,212","12,45M","-2,97%"
"19.11.2018","2,293","2,298","2,308","2,288","13,69M","0,00%"
"16.11.2018","2,293","2,298","2,334","2,277","21,63M","0,22%"
"15.11.2018","2,288","2,290","2,319","2,277","19,67M","0,00%"
"14.11.2018","2,288","2,288","2,329","2,280","22,80M","-0,31%"
"13.11.2018","2,295","2,238","2,316","2,217","25,83M","2,55%"
"12.11.2018","2,238","2,275","2,306","2,238","16,33M","-1,63%"
"09.11.2018","2,275","2,207","2,275","2,173","22,07M","3,08%"
"08.11.2018","2,207","2,288","2,295","2,194","17,86M","-3,29%"
"07.11.2018","2,282","2,298","2,327","2,272","23,45M","-0,48%"
"06.11.2018","2,293","2,373","2,394","2,282","35,31M","-3,17%"
"05.11.2018","2,368","2,332","2,389","2,316","27,07M","1,76%"
"02.11.2018","2,327","2,243","2,355","2,233","47,48M","3,98%"
"01.11.2018","2,238","2,160","2,269","2,160","36,40M","3,71%"
"31.10.2018","2,158","2,236","2,249","2,145","19,48M","-3,01%"
"30.10.2018","2,225","2,288","2,311","2,158","37,26M","-2,63%"
"26.10.2018","2,285","2,441","2,462","2,282","46,37M","-6,20%"
"25.10.2018","2,436","2,490","2,540","2,418","43,29M","-0,73%"
"24.10.2018","2,454","2,527","2,540","2,449","21,65M","-2,46%"
"23.10.2018","2,516","2,535","2,550","2,444","34,54M","-1,45%"
"22.10.2018","2,553","2,657","2,665","2,545","37,14M","-2,78%"
"19.10.2018","2,626","2,631","2,691","2,613","69,93M","0,23%"
"18.10.2018","2,620","2,623","2,719","2,620","71,24M","-0,23%"
"17.10.2018","2,626","2,646","2,659","2,610","27,71M","-0,08%"
"16.10.2018","2,628","2,633","2,683","2,610","43,69M","0,08%"
"15.10.2018","2,626","2,566","2,649","2,566","42,15M","3,51%"
"12.10.2018","2,537","2,457","2,542","2,392","33,30M","4,49%"
"11.10.2018","2,428","2,412","2,483","2,386","24,40M","-0,41%"
"10.10.2018","2,438","2,548","2,553","2,438","25,03M","-4,09%"
"09.10.2018","2,542","2,542","2,579","2,522","19,96M","0,20%"
"08.10.2018","2,537","2,467","2,558","2,454","21,32M","2,42%"
"05.10.2018","2,477","2,425","2,496","2,379","31,92M","2,36%"
"04.10.2018","2,420","2,524","2,527","2,415","28,00M","-3,93%"
"03.10.2018","2,519","2,555","2,581","2,511","27,32M","-1,22%"
"02.10.2018","2,550","2,607","2,618","2,550","33,53M","-2,11%"
"01.10.2018","2,605","2,639","2,667","2,605","41,53M","-1,18%"
"28.09.2018","2,636","2,649","2,672","2,607","53,16M","-0,30%"
"27.09.2018","2,644","2,667","2,701","2,631","44,70M","-0,49%"
"26.09.2018","2,657","2,727","2,737","2,641","59,31M","-2,21%"
"25.09.2018","2,717","2,665","2,756","2,652","176,74M","2,37%"
"24.09.2018","2,654","2,646","2,670","2,626","40,03M","0,57%"
"21.09.2018","2,639","2,620","2,644","2,613","30,67M","1,00%"
"20.09.2018","2,613","2,675","2,683","2,594","63,37M","-2,13%"
"19.09.2018","2,670","2,641","2,711","2,631","92,76M","1,60%"
"18.09.2018","2,628","2,639","2,662","2,618","47,62M","-0,11%"
"17.09.2018","2,631","2,600","2,633","2,597","28,09M","0,69%"
"14.09.2018","2,613","2,652","2,659","2,600","39,94M","-1,06%"
"13.09.2018","2,641","2,618","2,652","2,561","62,56M","1,30%"
"12.09.2018","2,607","2,641","2,662","2,592","55,30M","-0,50%"
"11.09.2018","2,620","2,587","2,620","2,574","43,99M","1,71%"
"10.09.2018","2,576","2,576","2,641","2,568","64,60M","0,08%"
"07.09.2018","2,574","2,584","2,613","2,537","68,68M","0,00%"
"06.09.2018","2,574","2,654","2,678","2,574","82,49M","-2,83%"
"05.09.2018","2,649","2,553","2,657","2,537","129,13M","4,50%"
"04.09.2018","2,535","2,522","2,558","2,493","69,41M","1,16%"
"03.09.2018","2,506","2,444","2,548","2,433","47,91M","2,24%"
"31.08.2018","2,451","2,477","2,506","2,438","37,56M","-0,97%"
"29.08.2018","2,475","2,519","2,545","2,462","42,41M","-2,75%"
"28.08.2018","2,545","2,535","2,594","2,516","66,25M","0,71%"
"27.08.2018","2,527","2,405","2,527","2,392","76,55M","6,00%"
"20.08.2018","2,384","2,353","2,412","2,353","12,42M","1,88%"
"17.08.2018","2,340","2,324","2,347","2,262","33,48M","-0,09%"
"16.08.2018","2,342","2,392","2,407","2,327","32,63M","0,00%"
"15.08.2018","2,342","2,483","2,496","2,342","42,06M","-4,17%"
"14.08.2018","2,444","2,444","2,496","2,407","65,88M","3,65%"
"13.08.2018","2,358","2,459","2,522","2,238","115,08M","-5,11%"
"10.08.2018","2,485","2,529","2,620","2,080","122,22M","-3,64%"
"09.08.2018","2,579","2,542","2,683","2,535","135,96M","0,19%"
"08.08.2018","2,574","2,529","2,594","2,511","143,14M","2,06%"
"07.08.2018","2,522","2,532","2,553","2,488","56,41M","0,32%"
"06.08.2018","2,514","2,509","2,563","2,493","66,54M","0,44%"
"03.08.2018","2,503","2,467","2,529","2,467","78,70M","2,12%"
"02.08.2018","2,451","2,462","2,522","2,433","96,81M","-2,70%"
"01.08.2018","2,519","2,548","2,589","2,509","89,82M","-0,63%"
"31.07.2018","2,535","2,584","2,639","2,483","254,10M","-1,90%"
"30.07.2018","2,584","3,070","3,091","2,566","320,68M","-16,89%"
"27.07.2018","3,109","3,010","3,133","2,992","149,41M","3,08%"
"26.07.2018","3,016","3,010","3,101","2,932","122,96M","0,37%"
"25.07.2018","3,005","2,886","3,047","2,834","203,16M","4,59%"
"24.07.2018","2,873","2,828","2,899","2,735","228,59M","1,59%"
"23.07.2018","2,828","2,730","2,867","2,706","193,48M","4,20%"
"20.07.2018","2,714","2,511","2,730","2,488","198,99M","8,30%"
"19.07.2018","2,506","2,509","2,537","2,477","49,36M","0,64%"
"18.07.2018","2,490","2,503","2,561","2,431","81,36M","-0,24%"
"17.07.2018","2,496","2,470","2,522","2,420","90,84M","1,59%"
"16.07.2018","2,457","2,319","2,459","2,311","90,82M","6,92%"
"13.07.2018","2,298","2,306","2,342","2,267","51,78M","0,70%"
"12.07.2018","2,282","2,269","2,340","2,210","62,34M","0,66%"
"11.07.2018","2,267","2,303","2,410","2,241","89,91M","-1,56%"
"10.07.2018","2,303","2,368","2,423","2,301","42,05M","-4,76%"
"09.07.2018","2,418","2,451","2,477","2,418","57,59M","-0,62%"
"06.07.2018","2,433","2,472","2,501","2,425","46,94M","-1,18%"
"05.07.2018","2,462","2,444","2,488","2,441","52,67M","0,98%"
"04.07.2018","2,438","2,436","2,451","2,423","35,28M","0,41%"
"03.07.2018","2,428","2,438","2,462","2,410","27,43M","-0,12%"
"02.07.2018","2,431","2,412","2,467","2,402","38,86M","0,00%"
"29.06.2018","2,431","2,475","2,496","2,412","57,03M","-1,14%"
"28.06.2018","2,459","2,418","2,506","2,394","128,11M","3,71%"
"27.06.2018","2,371","2,371","2,405","2,337","64,95M","0,00%"
"26.06.2018","2,371","2,353","2,386","2,295","81,20M","0,89%"
"25.06.2018","2,350","2,535","2,540","2,282","131,36M","5,71%"
"22.06.2018","2,223","2,264","2,282","2,204","55,32M","-1,24%"
"21.06.2018","2,251","2,171","2,337","2,150","125,88M","-1,92%"
"20.06.2018","2,295","2,511","2,527","2,290","131,13M","-6,97%"
"19.06.2018","2,467","2,392","2,540","2,347","146,94M","2,71%"
"18.06.2018","2,402","2,215","2,402","2,186","103,84M","8,69%"
"14.06.2018","2,210","2,184","2,243","2,113","50,49M","0,59%"
"13.06.2018","2,197","2,329","2,347","2,176","72,81M","-5,99%"
"12.06.2018","2,337","2,353","2,397","2,327","71,75M","-0,89%"
"11.06.2018","2,358","2,389","2,459","2,314","122,41M","-0,42%"
"08.06.2018","2,368","2,683","2,683","2,368","165,20M","-11,90%"
"07.06.2018","2,688","2,730","2,776","2,652","106,21M","-1,61%"
"06.06.2018","2,732","2,828","2,834","2,672","117,73M","-2,78%"
"05.06.2018","2,810","2,854","2,901","2,732","146,00M","-0,28%"
"04.06.2018","2,818","2,633","2,834","2,613","174,96M","6,70%"
"01.06.2018","2,641","2,763","2,787","2,620","114,66M","-4,42%"
"31.05.2018","2,763","2,737","2,849","2,602","230,22M","1,69%"
"30.05.2018","2,717","2,540","2,724","2,529","223,11M","7,18%"
"29.05.2018","2,535","2,537","2,574","2,509","66,41M","-0,28%"
"28.05.2018","2,542","2,519","2,579","2,501","82,23M","2,91%"
"25.05.2018","2,470","2,392","2,472","2,342","78,82M","4,75%"
"24.05.2018","2,358","2,488","2,522","2,350","73,14M","-2,24%"
"23.05.2018","2,412","2,488","2,532","2,368","76,16M","-4,36%"
"22.05.2018","2,522","2,555","2,571","2,485","72,24M","-0,51%"
"21.05.2018","2,535","2,457","2,594","2,441","118,16M","2,76%"
"18.05.2018","2,467","2,275","2,467","2,246","130,32M","7,73%"
"17.05.2018","2,290","2,407","2,418","2,256","65,49M","-4,34%"
"16.05.2018","2,394","2,542","2,571","2,392","87,37M","-5,56%"
"15.05.2018","2,535","2,459","2,659","2,379","128,45M","1,81%"
"14.05.2018","2,490","2,265","2,602","2,265","221,95M","10,81%"
"11.05.2018","2,247","2,134","2,279","2,099","135,92M","5,20%"
"10.05.2018","2,136","2,056","2,136","2,017","110,43M","4,86%"
"09.05.2018","2,037","1,967","2,093","1,912","90,53M","2,36%"
"08.05.2018","1,990","2,093","2,109","1,983","92,91M","-4,51%"
"07.05.2018","2,084","2,180","2,185","2,084","43,09M","-4,40%"
"04.05.2018","2,180","2,235","2,276","2,171","57,50M","-2,98%"
"03.05.2018","2,247","2,304","2,341","2,247","42,20M","-2,39%"
"02.05.2018","2,302","2,366","2,373","2,279","77,63M","-2,62%"
"30.04.2018","2,364","2,437","2,480","2,341","62,04M","-1,34%"
"27.04.2018","2,396","2,418","2,453","2,366","71,85M","-0,29%"
"26.04.2018","2,403","2,395","2,476","2,341","77,61M","2,17%"
"25.04.2018","2,352","2,512","2,529","2,349","101,39M","-5,96%"
"24.04.2018","2,501","2,517","2,570","2,485","62,47M","-1,34%"
"20.04.2018","2,535","2,584","2,590","2,515","88,86M","-2,16%"
"19.04.2018","2,591","2,519","2,637","2,494","199,18M","3,76%"
"18.04.2018","2,497","2,281","2,526","2,125","232,95M","9,71%"
"17.04.2018","2,276","2,255","2,377","2,216","273,90M","1,65%"
"16.04.2018","2,239","2,010","2,239","2,010","156,32M","12,01%"
"13.04.2018","1,999","2,083","2,097","1,983","77,33M","-2,63%"
"12.04.2018","2,053","2,100","2,145","2,021","111,00M","-2,56%"
"11.04.2018","2,107","2,194","2,274","2,015","147,32M","-5,26%"
"10.04.2018","2,224","2,432","2,439","2,014","222,02M","-8,40%"
"09.04.2018","2,428","2,907","2,925","2,269","279,17M","-13,56%"
"06.04.2018","2,809","2,659","2,871","2,636","153,71M","8,41%"
"05.04.2018","2,591","2,506","2,636","2,446","65,02M","3,47%"
"04.04.2018","2,504","2,561","2,584","2,427","56,03M","-2,03%"
"03.04.2018","2,556","2,614","2,653","2,552","27,56M","-1,77%"
"02.04.2018","2,602","2,694","2,696","2,602","34,30M","-1,63%"
"30.03.2018","2,645","2,676","2,708","2,593","42,88M","-1,16%"
"29.03.2018","2,676","2,783","2,808","2,614","99,15M","-2,23%"
"28.03.2018","2,737","2,552","2,738","2,549","132,72M","9,13%"
"27.03.2018","2,508","2,870","2,907","2,357","142,14M","-10,72%"
"26.03.2018","2,809","2,676","2,834","2,676","62,93M","6,36%"
"23.03.2018","2,641","2,464","2,673","2,412","116,53M","5,30%"
"22.03.2018","2,508","2,519","2,574","2,480","70,21M","1,42%"
"21.03.2018","2,473","2,269","2,510","2,263","169,93M","9,33%"
"20.03.2018","2,262","2,219","2,274","2,193","82,70M","2,08%"
"19.03.2018","2,216","2,127","2,223","2,127","82,52M","5,67%"
"16.03.2018","2,097","2,060","2,099","2,044","52,25M","1,99%"
"15.03.2018","2,056","2,060","2,095","2,026","34,80M","0,54%"
"14.03.2018","2,045","2,088","2,136","2,015","84,55M","-1,97%"
"13.03.2018","2,086","2,029","2,141","1,950","204,20M","12,82%"
"12.03.2018","1,849","1,859","1,866","1,840","15,55M","0,49%"
"09.03.2018","1,840","1,865","1,886","1,826","29,85M","-0,76%"
"08.03.2018","1,854","1,803","1,886","1,797","58,98M","3,69%"
"07.03.2018","1,788","1,780","1,804","1,749","18,48M","0,45%"
"06.03.2018","1,780","1,788","1,811","1,772","15,50M","-0,06%"
"05.03.2018","1,781","1,803","1,819","1,781","15,36M","-0,89%"
"02.03.2018","1,797","1,840","1,888","1,790","42,89M","-3,07%"
"01.03.2018","1,854","1,831","1,918","1,808","68,29M","1,09%"
"28.02.2018","1,834","1,856","1,873","1,813","39,03M","-2,39%"
"27.02.2018","1,879","1,799","1,895","1,769","46,89M","4,74%"
"26.02.2018","1,794","1,833","1,838","1,787","16,64M","-1,37%"
"23.02.2018","1,819","1,847","1,863","1,804","26,64M","-0,82%"
"22.02.2018","1,834","1,843","1,895","1,817","28,89M","-0,70%"
"21.02.2018","1,847","1,804","1,865","1,781","25,77M","4,65%"
"20.02.2018","1,765","1,859","1,866","1,762","20,66M","-5,06%"
"19.02.2018","1,859","1,921","1,930","1,847","26,08M","-3,23%"
"16.02.2018","1,921","1,957","1,996","1,918","26,71M","-1,54%"
"15.02.2018","1,951","1,982","1,999","1,902","24,84M","0,05%"
"14.02.2018","1,950","2,068","2,072","1,936","58,03M","-4,32%"
"13.02.2018","2,038","2,056","2,157","2,024","67,08M","0,84%"
"12.02.2018","2,021","1,882","2,026","1,870","54,06M","9,30%"
"09.02.2018","1,849","1,817","1,891","1,771","30,14M","-0,05%"
"08.02.2018","1,850","1,960","1,966","1,850","17,85M","-5,27%"
"07.02.2018","1,953","2,015","2,029","1,953","17,27M","-2,15%"
"06.02.2018","1,996","1,950","2,047","1,909","35,18M","0,20%"
"05.02.2018","1,992","2,021","2,056","1,973","18,38M","-0,45%"
"02.02.2018","2,001","2,065","2,083","1,978","21,21M","-2,15%"
"01.02.2018","2,045","2,100","2,127","2,029","22,78M","-1,54%"
"31.01.2018","2,077","2,120","2,155","2,077","24,56M","-2,17%"
"30.01.2018","2,123","2,154","2,175","2,116","23,26M","-1,99%"
"29.01.2018","2,166","2,180","2,210","2,130","45,60M","0,84%"
"26.01.2018","2,148","2,175","2,191","2,118","20,07M","-0,92%"
"25.01.2018","2,168","2,217","2,256","2,154","34,53M","-1,36%"
"24.01.2018","2,198","2,159","2,224","2,090","40,14M","1,81%"
"23.01.2018","2,159","2,205","2,205","2,145","20,57M","-1,55%"
"22.01.2018","2,193","2,189","2,216","2,175","20,82M","0,60%"
"19.01.2018","2,180","2,223","2,247","2,168","35,29M","-2,07%"
"18.01.2018","2,226","2,237","2,247","2,208","29,01M","0,63%"
"17.01.2018","2,212","2,246","2,269","2,205","34,42M","-1,03%"
"16.01.2018","2,235","2,065","2,235","2,047","52,80M","8,71%"
"15.01.2018","2,056","2,208","2,265","2,033","37,80M","-7,26%"
"12.01.2018","2,217","2,262","2,274","2,214","26,20M","-1,34%"
"11.01.2018","2,247","2,180","2,247","2,175","39,42M","3,41%"
"10.01.2018","2,173","2,263","2,269","2,171","33,03M","-3,29%"
"09.01.2018","2,247","2,278","2,292","2,246","41,55M","-0,58%"
"08.01.2018","2,260","2,228","2,297","2,223","87,18M","2,17%"
"05.01.2018","2,212","2,203","2,249","2,169","70,27M","1,47%"
"04.01.2018","2,180","2,221","2,274","2,168","77,43M","-0,95%"
"03.01.2018","2,201","2,185","2,269","2,175","74,68M","2,04%"
"02.01.2018","2,157","2,042","2,201","2,042","120,80M","5,89%"